-- phpMyAdmin SQL Dump
-- version 4.5.4.1
-- http://www.phpmyadmin.net
--
-- Host: localhost
-- Generation Time: Aug 15, 2018 at 09:06 PM
-- Server version: 5.7.22
-- PHP Version: 5.6.36-1+ubuntu14.04.1+deb.sury.org+1

SET SQL_MODE = "NO_AUTO_VALUE_ON_ZERO";
SET time_zone = "+00:00";


/*!40101 SET @OLD_CHARACTER_SET_CLIENT=@@CHARACTER_SET_CLIENT */;
/*!40101 SET @OLD_CHARACTER_SET_RESULTS=@@CHARACTER_SET_RESULTS */;
/*!40101 SET @OLD_COLLATION_CONNECTION=@@COLLATION_CONNECTION */;
/*!40101 SET NAMES utf8mb4 */;

--
-- Database: `jithirev2`
--

-- --------------------------------------------------------

--
-- Table structure for table `jh_candidate_status`
--

CREATE TABLE `jh_candidate_status` (
  `candidate_status_id` int(11) NOT NULL,
  `candidate_status` varchar(40) NOT NULL
) ENGINE=InnoDB DEFAULT CHARSET=latin1;

--
-- Dumping data for table `jh_candidate_status`
--

INSERT INTO `jh_candidate_status` (`candidate_status_id`, `candidate_status`) VALUES
(1, 'Candidate Interested'),
(2, 'Company Interested'),
(3, 'Company not interested'),
(4, 'Candidate not interested'),
(5, 'Identified'),
(6, 'Offer extended'),
(7, 'Rejected after interview'),
(8, 'offer accepted'),
(9, 'offer rejected'),
(10, 'Joined'),
(11, 'No show'),
(12, 'Evaluation Confirmed/Rejected');

-- --------------------------------------------------------

--
-- Table structure for table `jh_cities`
--

CREATE TABLE `jh_cities` (
  `city_id` int(11) NOT NULL,
  `city_name` varchar(100) NOT NULL,
  `city_state` varchar(100) NOT NULL
) ENGINE=MyISAM DEFAULT CHARSET=utf8;

--
-- Dumping data for table `jh_cities`
--

INSERT INTO `jh_cities` (`city_id`, `city_name`, `city_state`) VALUES
(1, 'Kolhapur', 'Maharashtra'),
(2, 'Port Blair', 'Andaman & Nicobar Islands'),
(3, 'Adilabad', 'Andhra Pradesh'),
(4, 'Adoni', 'Andhra Pradesh'),
(5, 'Amadalavalasa', 'Andhra Pradesh'),
(6, 'Amalapuram', 'Andhra Pradesh'),
(7, 'Anakapalle', 'Andhra Pradesh'),
(8, 'Anantapur', 'Andhra Pradesh'),
(9, 'Badepalle', 'Andhra Pradesh'),
(10, 'Banganapalle', 'Andhra Pradesh'),
(11, 'Bapatla', 'Andhra Pradesh'),
(12, 'Bellampalle', 'Andhra Pradesh'),
(13, 'Bethamcherla', 'Andhra Pradesh'),
(14, 'Bhadrachalam', 'Andhra Pradesh'),
(15, 'Bhainsa', 'Andhra Pradesh'),
(16, 'Bheemunipatnam', 'Andhra Pradesh'),
(17, 'Bhimavaram', 'Andhra Pradesh'),
(18, 'Bhongir', 'Andhra Pradesh'),
(19, 'Bobbili', 'Andhra Pradesh'),
(20, 'Bodhan', 'Andhra Pradesh'),
(21, 'Chilakaluripet', 'Andhra Pradesh'),
(22, 'Chirala', 'Andhra Pradesh'),
(23, 'Chittoor', 'Andhra Pradesh'),
(24, 'Cuddapah', 'Andhra Pradesh'),
(25, 'Devarakonda', 'Andhra Pradesh'),
(26, 'Dharmavaram', 'Andhra Pradesh'),
(27, 'Eluru', 'Andhra Pradesh'),
(28, 'Farooqnagar', 'Andhra Pradesh'),
(29, 'Gadwal', 'Andhra Pradesh'),
(30, 'Gooty', 'Andhra Pradesh'),
(31, 'Gudivada', 'Andhra Pradesh'),
(32, 'Gudur', 'Andhra Pradesh'),
(33, 'Guntakal', 'Andhra Pradesh'),
(34, 'Guntur', 'Andhra Pradesh'),
(35, 'Hanuman Junction', 'Andhra Pradesh'),
(36, 'Hindupur', 'Andhra Pradesh'),
(37, 'Hyderabad', 'Andhra Pradesh'),
(38, 'Ichchapuram', 'Andhra Pradesh'),
(39, 'Jaggaiahpet', 'Andhra Pradesh'),
(40, 'Jagtial', 'Andhra Pradesh'),
(41, 'Jammalamadugu', 'Andhra Pradesh'),
(42, 'Jangaon', 'Andhra Pradesh'),
(43, 'Kadapa', 'Andhra Pradesh'),
(44, 'Kadiri', 'Andhra Pradesh'),
(45, 'Kagaznagar', 'Andhra Pradesh'),
(46, 'Kakinada', 'Andhra Pradesh'),
(47, 'Kalyandurg', 'Andhra Pradesh'),
(48, 'Kamareddy', 'Andhra Pradesh'),
(49, 'Kandukur', 'Andhra Pradesh'),
(50, 'Karimnagar', 'Andhra Pradesh'),
(51, 'Kavali', 'Andhra Pradesh'),
(52, 'Khammam', 'Andhra Pradesh'),
(53, 'Koratla', 'Andhra Pradesh'),
(54, 'Kothagudem', 'Andhra Pradesh'),
(55, 'Kothapeta', 'Andhra Pradesh'),
(56, 'Kovvur', 'Andhra Pradesh'),
(57, 'Kurnool', 'Andhra Pradesh'),
(58, 'Kyathampalle', 'Andhra Pradesh'),
(59, 'Macherla', 'Andhra Pradesh'),
(60, 'Machilipatnam', 'Andhra Pradesh'),
(61, 'Madanapalle', 'Andhra Pradesh'),
(62, 'Mahbubnagar', 'Andhra Pradesh'),
(63, 'Mancherial', 'Andhra Pradesh'),
(64, 'Mandamarri', 'Andhra Pradesh'),
(65, 'Mandapeta', 'Andhra Pradesh'),
(66, 'Manuguru', 'Andhra Pradesh'),
(67, 'Markapur', 'Andhra Pradesh'),
(68, 'Medak', 'Andhra Pradesh'),
(69, 'Miryalaguda', 'Andhra Pradesh'),
(70, 'Mogalthur', 'Andhra Pradesh'),
(71, 'Nagari', 'Andhra Pradesh'),
(72, 'Nagarkurnool', 'Andhra Pradesh'),
(73, 'Nandyal', 'Andhra Pradesh'),
(74, 'Narasapur', 'Andhra Pradesh'),
(75, 'Narasaraopet', 'Andhra Pradesh'),
(76, 'Narayanpet', 'Andhra Pradesh'),
(77, 'Narsipatnam', 'Andhra Pradesh'),
(78, 'Nellore', 'Andhra Pradesh'),
(79, 'Nidadavole', 'Andhra Pradesh'),
(80, 'Nirmal', 'Andhra Pradesh'),
(81, 'Nizamabad', 'Andhra Pradesh'),
(82, 'Nuzvid', 'Andhra Pradesh'),
(83, 'Ongole', 'Andhra Pradesh'),
(84, 'Palacole', 'Andhra Pradesh'),
(85, 'Palasa Kasibugga', 'Andhra Pradesh'),
(86, 'Palwancha', 'Andhra Pradesh'),
(87, 'Parvathipuram', 'Andhra Pradesh'),
(88, 'Pedana', 'Andhra Pradesh'),
(89, 'Peddapuram', 'Andhra Pradesh'),
(90, 'Pithapuram', 'Andhra Pradesh'),
(91, 'Pondur', 'Andhra pradesh'),
(92, 'Ponnur', 'Andhra Pradesh'),
(93, 'Proddatur', 'Andhra Pradesh'),
(94, 'Punganur', 'Andhra Pradesh'),
(95, 'Puttur', 'Andhra Pradesh'),
(96, 'Rajahmundry', 'Andhra Pradesh'),
(97, 'Rajam', 'Andhra Pradesh'),
(98, 'Ramachandrapuram', 'Andhra Pradesh'),
(99, 'Ramagundam', 'Andhra Pradesh'),
(100, 'Rayachoti', 'Andhra Pradesh'),
(101, 'Rayadurg', 'Andhra Pradesh'),
(102, 'Renigunta', 'Andhra Pradesh'),
(103, 'Repalle', 'Andhra Pradesh'),
(104, 'Sadasivpet', 'Andhra Pradesh'),
(105, 'Salur', 'Andhra Pradesh'),
(106, 'Samalkot', 'Andhra Pradesh'),
(107, 'Sangareddy', 'Andhra Pradesh'),
(108, 'Sattenapalle', 'Andhra Pradesh'),
(109, 'Siddipet', 'Andhra Pradesh'),
(110, 'Singapur', 'Andhra Pradesh'),
(111, 'Sircilla', 'Andhra Pradesh'),
(112, 'Srikakulam', 'Andhra Pradesh'),
(113, 'Srikalahasti', 'Andhra Pradesh'),
(115, 'Suryapet', 'Andhra Pradesh'),
(116, 'Tadepalligudem', 'Andhra Pradesh'),
(117, 'Tadpatri', 'Andhra Pradesh'),
(118, 'Tandur', 'Andhra Pradesh'),
(119, 'Tanuku', 'Andhra Pradesh'),
(120, 'Tenali', 'Andhra Pradesh'),
(121, 'Tirupati', 'Andhra Pradesh'),
(122, 'Tuni', 'Andhra Pradesh'),
(123, 'Uravakonda', 'Andhra Pradesh'),
(124, 'Venkatagiri', 'Andhra Pradesh'),
(125, 'Vicarabad', 'Andhra Pradesh'),
(126, 'Vijayawada', 'Andhra Pradesh'),
(127, 'Vinukonda', 'Andhra Pradesh'),
(128, 'Visakhapatnam', 'Andhra Pradesh'),
(129, 'Vizianagaram', 'Andhra Pradesh'),
(130, 'Wanaparthy', 'Andhra Pradesh'),
(131, 'Warangal', 'Andhra Pradesh'),
(132, 'Yellandu', 'Andhra Pradesh'),
(133, 'Yemmiganur', 'Andhra Pradesh'),
(134, 'Yerraguntla', 'Andhra Pradesh'),
(135, 'Zahirabad', 'Andhra Pradesh'),
(136, 'Rajampet', 'Andhra Pradesh'),
(137, 'Along', 'Arunachal Pradesh'),
(138, 'Bomdila', 'Arunachal Pradesh'),
(139, 'Itanagar', 'Arunachal Pradesh'),
(140, 'Naharlagun', 'Arunachal Pradesh'),
(141, 'Pasighat', 'Arunachal Pradesh'),
(142, 'Abhayapuri', 'Assam'),
(143, 'Amguri', 'Assam'),
(144, 'Anandnagaar', 'Assam'),
(145, 'Barpeta', 'Assam'),
(146, 'Barpeta Road', 'Assam'),
(147, 'Bilasipara', 'Assam'),
(148, 'Bongaigaon', 'Assam'),
(149, 'Dhekiajuli', 'Assam'),
(150, 'Dhubri', 'Assam'),
(151, 'Dibrugarh', 'Assam'),
(152, 'Digboi', 'Assam'),
(153, 'Diphu', 'Assam'),
(154, 'Dispur', 'Assam'),
(156, 'Gauripur', 'Assam'),
(157, 'Goalpara', 'Assam'),
(158, 'Golaghat', 'Assam'),
(159, 'Guwahati', 'Assam'),
(160, 'Haflong', 'Assam'),
(161, 'Hailakandi', 'Assam'),
(162, 'Hojai', 'Assam'),
(163, 'Jorhat', 'Assam'),
(164, 'Karimganj', 'Assam'),
(165, 'Kokrajhar', 'Assam'),
(166, 'Lanka', 'Assam'),
(167, 'Lumding', 'Assam'),
(168, 'Mangaldoi', 'Assam'),
(169, 'Mankachar', 'Assam'),
(170, 'Margherita', 'Assam'),
(171, 'Mariani', 'Assam'),
(172, 'Marigaon', 'Assam'),
(173, 'Nagaon', 'Assam'),
(174, 'Nalbari', 'Assam'),
(175, 'North Lakhimpur', 'Assam'),
(176, 'Rangia', 'Assam'),
(177, 'Sibsagar', 'Assam'),
(178, 'Silapathar', 'Assam'),
(179, 'Silchar', 'Assam'),
(180, 'Tezpur', 'Assam'),
(181, 'Tinsukia', 'Assam'),
(182, 'Amarpur', 'Bihar'),
(183, 'Araria', 'Bihar'),
(184, 'Areraj', 'Bihar'),
(185, 'Arrah', 'Bihar'),
(186, 'Asarganj', 'Bihar'),
(187, 'Aurangabad', 'Bihar'),
(188, 'Bagaha', 'Bihar'),
(189, 'Bahadurganj', 'Bihar'),
(190, 'Bairgania', 'Bihar'),
(191, 'Bakhtiarpur', 'Bihar'),
(192, 'Banka', 'Bihar'),
(193, 'Banmankhi Bazar', 'Bihar'),
(194, 'Barahiya', 'Bihar'),
(195, 'Barauli', 'Bihar'),
(196, 'Barbigha', 'Bihar'),
(197, 'Barh', 'Bihar'),
(198, 'Begusarai', 'Bihar'),
(199, 'Behea', 'Bihar'),
(200, 'Bettiah', 'Bihar'),
(201, 'Bhabua', 'Bihar'),
(202, 'Bhagalpur', 'Bihar'),
(203, 'Bihar Sharif', 'Bihar'),
(204, 'Bikramganj', 'Bihar'),
(205, 'Bodh Gaya', 'Bihar'),
(206, 'Buxar', 'Bihar'),
(207, 'Chandan Bara', 'Bihar'),
(208, 'Chanpatia', 'Bihar'),
(209, 'Chhapra', 'Bihar'),
(210, 'Colgong', 'Bihar'),
(211, 'Dalsinghsarai', 'Bihar'),
(212, 'Darbhanga', 'Bihar'),
(213, 'Daudnagar', 'Bihar'),
(214, 'Dehri-on-Sone', 'Bihar'),
(215, 'Dhaka', 'Bihar'),
(216, 'Dighwara', 'Bihar'),
(217, 'Dumraon', 'Bihar'),
(218, 'Fatwah', 'Bihar'),
(219, 'Forbesganj', 'Bihar'),
(220, 'Gaya', 'Bihar'),
(221, 'Gogri Jamalpur', 'Bihar'),
(222, 'Gopalganj', 'Bihar'),
(223, 'Hajipur', 'Bihar'),
(224, 'Hilsa', 'Bihar'),
(225, 'Hisua', 'Bihar'),
(226, 'Islampur', 'Bihar'),
(227, 'Jagdispur', 'Bihar'),
(228, 'Jamalpur', 'Bihar'),
(229, 'Jamui', 'Bihar'),
(230, 'Jehanabad', 'Bihar'),
(231, 'Jhajha', 'Bihar'),
(232, 'Jhanjharpur', 'Bihar'),
(233, 'Jogabani', 'Bihar'),
(234, 'Kanti', 'Bihar'),
(235, 'Katihar', 'Bihar'),
(236, 'Khagaria', 'Bihar'),
(237, 'Kharagpur', 'Bihar'),
(238, 'Kishanganj', 'Bihar'),
(239, 'Lakhisarai', 'Bihar'),
(240, 'Lalganj', 'Bihar'),
(241, 'Madhepura', 'Bihar'),
(242, 'Madhubani', 'Bihar'),
(243, 'Maharajganj', 'Bihar'),
(244, 'Mahnar Bazar', 'Bihar'),
(245, 'Makhdumpur', 'Bihar'),
(246, 'Maner', 'Bihar'),
(247, 'Manihari', 'Bihar'),
(248, 'Marhaura', 'Bihar'),
(249, 'Masaurhi', 'Bihar'),
(250, 'Mirganj', 'Bihar'),
(251, 'Mokameh', 'Bihar'),
(252, 'Motihari', 'Bihar'),
(253, 'Motipur', 'Bihar'),
(254, 'Munger', 'Bihar'),
(255, 'Murliganj', 'Bihar'),
(256, 'Muzaffarpur', 'Bihar'),
(257, 'Narkatiaganj', 'Bihar'),
(258, 'Naugachhia', 'Bihar'),
(259, 'Nawada', 'Bihar'),
(260, 'Nokha', 'Bihar'),
(261, 'Patna', 'Bihar'),
(262, 'Piro', 'Bihar'),
(263, 'Purnia', 'Bihar'),
(264, 'Rafiganj', 'Bihar'),
(265, 'Rajgir', 'Bihar'),
(266, 'Ramnagar', 'Bihar'),
(267, 'Raxaul Bazar', 'Bihar'),
(268, 'Revelganj', 'Bihar'),
(269, 'Rosera', 'Bihar'),
(270, 'Saharsa', 'Bihar'),
(271, 'Samastipur', 'Bihar'),
(272, 'Sasaram', 'Bihar'),
(273, 'Sheikhpura', 'Bihar'),
(274, 'Sheohar', 'Bihar'),
(275, 'Sherghati', 'Bihar'),
(276, 'Silao', 'Bihar'),
(277, 'Sitamarhi', 'Bihar'),
(278, 'Siwan', 'Bihar'),
(279, 'Sonepur', 'Bihar'),
(280, 'Sugauli', 'Bihar'),
(281, 'Sultanganj', 'Bihar'),
(282, 'Supaul', 'Bihar'),
(283, 'Warisaliganj', 'Bihar'),
(284, 'Ahiwara', 'Chhattisgarh'),
(285, 'Akaltara', 'Chhattisgarh'),
(286, 'Ambagarh Chowki', 'Chhattisgarh'),
(287, 'Ambikapur', 'Chhattisgarh'),
(288, 'Arang', 'Chhattisgarh'),
(289, 'Bade Bacheli', 'Chhattisgarh'),
(290, 'Balod', 'Chhattisgarh'),
(291, 'Baloda Bazar', 'Chhattisgarh'),
(292, 'Bemetra', 'Chhattisgarh'),
(293, 'Bhatapara', 'Chhattisgarh'),
(294, 'Bilaspur', 'Chhattisgarh'),
(295, 'Birgaon', 'Chhattisgarh'),
(296, 'Champa', 'Chhattisgarh'),
(297, 'Chirmiri', 'Chhattisgarh'),
(298, 'Dalli-Rajhara', 'Chhattisgarh'),
(299, 'Dhamtari', 'Chhattisgarh'),
(300, 'Dipka', 'Chhattisgarh'),
(301, 'Dongargarh', 'Chhattisgarh'),
(302, 'Durg-Bhilai Nagar', 'Chhattisgarh'),
(303, 'Gobranawapara', 'Chhattisgarh'),
(304, 'Jagdalpur', 'Chhattisgarh'),
(305, 'Janjgir', 'Chhattisgarh'),
(306, 'Jashpurnagar', 'Chhattisgarh'),
(307, 'Kanker', 'Chhattisgarh'),
(308, 'Kawardha', 'Chhattisgarh'),
(309, 'Kondagaon', 'Chhattisgarh'),
(310, 'Korba', 'Chhattisgarh'),
(311, 'Mahasamund', 'Chhattisgarh'),
(312, 'Mahendragarh', 'Chhattisgarh'),
(313, 'Mungeli', 'Chhattisgarh'),
(314, 'Naila Janjgir', 'Chhattisgarh'),
(315, 'Raigarh', 'Chhattisgarh'),
(316, 'Raipur', 'Chhattisgarh'),
(317, 'Rajnandgaon', 'Chhattisgarh'),
(318, 'Sakti', 'Chhattisgarh'),
(319, 'Tilda Newra', 'Chhattisgarh'),
(320, 'Amli', 'Dadra & Nagar Haveli'),
(321, 'Silvassa', 'Dadra & Nagar Haveli'),
(322, 'Daman and Diu', 'Daman & Diu'),
(323, 'Daman and Diu', 'Daman & Diu'),
(324, 'Asola', 'Delhi'),
(325, 'Delhi', 'Delhi'),
(326, 'Aldona', 'Goa'),
(327, 'Curchorem Cacora', 'Goa'),
(328, 'Madgaon', 'Goa'),
(329, 'Mapusa', 'Goa'),
(330, 'Margao', 'Goa'),
(331, 'Marmagao', 'Goa'),
(332, 'Panaji', 'Goa'),
(333, 'Ahmedabad', 'Gujarat'),
(334, 'Amreli', 'Gujarat'),
(335, 'Anand', 'Gujarat'),
(336, 'Ankleshwar', 'Gujarat'),
(337, 'Bharuch', 'Gujarat'),
(338, 'Bhavnagar', 'Gujarat'),
(339, 'Bhuj', 'Gujarat'),
(340, 'Cambay', 'Gujarat'),
(341, 'Dahod', 'Gujarat'),
(342, 'Deesa', 'Gujarat'),
(343, 'Dharampur', ' India'),
(344, 'Dholka', 'Gujarat'),
(345, 'Gandhinagar', 'Gujarat'),
(346, 'Godhra', 'Gujarat'),
(347, 'Himatnagar', 'Gujarat'),
(348, 'Idar', 'Gujarat'),
(349, 'Jamnagar', 'Gujarat'),
(350, 'Junagadh', 'Gujarat'),
(351, 'Kadi', 'Gujarat'),
(352, 'Kalavad', 'Gujarat'),
(353, 'Kalol', 'Gujarat'),
(354, 'Kapadvanj', 'Gujarat'),
(355, 'Karjan', 'Gujarat'),
(356, 'Keshod', 'Gujarat'),
(357, 'Khambhalia', 'Gujarat'),
(358, 'Khambhat', 'Gujarat'),
(359, 'Kheda', 'Gujarat'),
(360, 'Khedbrahma', 'Gujarat'),
(361, 'Kheralu', 'Gujarat'),
(362, 'Kodinar', 'Gujarat'),
(363, 'Lathi', 'Gujarat'),
(364, 'Limbdi', 'Gujarat'),
(365, 'Lunawada', 'Gujarat'),
(366, 'Mahesana', 'Gujarat'),
(367, 'Mahuva', 'Gujarat'),
(368, 'Manavadar', 'Gujarat'),
(369, 'Mandvi', 'Gujarat'),
(370, 'Mangrol', 'Gujarat'),
(371, 'Mansa', 'Gujarat'),
(372, 'Mehmedabad', 'Gujarat'),
(373, 'Modasa', 'Gujarat'),
(374, 'Morvi', 'Gujarat'),
(375, 'Nadiad', 'Gujarat'),
(376, 'Navsari', 'Gujarat'),
(377, 'Padra', 'Gujarat'),
(378, 'Palanpur', 'Gujarat'),
(379, 'Palitana', 'Gujarat'),
(380, 'Pardi', 'Gujarat'),
(381, 'Patan', 'Gujarat'),
(382, 'Petlad', 'Gujarat'),
(383, 'Porbandar', 'Gujarat'),
(384, 'Radhanpur', 'Gujarat'),
(385, 'Rajkot', 'Gujarat'),
(386, 'Rajpipla', 'Gujarat'),
(387, 'Rajula', 'Gujarat'),
(388, 'Ranavav', 'Gujarat'),
(389, 'Rapar', 'Gujarat'),
(390, 'Salaya', 'Gujarat'),
(391, 'Sanand', 'Gujarat'),
(392, 'Savarkundla', 'Gujarat'),
(393, 'Sidhpur', 'Gujarat'),
(394, 'Sihor', 'Gujarat'),
(395, 'Songadh', 'Gujarat'),
(396, 'Surat', 'Gujarat'),
(397, 'Talaja', 'Gujarat'),
(398, 'Thangadh', 'Gujarat'),
(399, 'Tharad', 'Gujarat'),
(400, 'Umbergaon', 'Gujarat'),
(401, 'Umreth', 'Gujarat'),
(402, 'Una', 'Gujarat'),
(403, 'Unjha', 'Gujarat'),
(404, 'Upleta', 'Gujarat'),
(405, 'Vadnagar', 'Gujarat'),
(406, 'Vadodara', 'Gujarat'),
(407, 'Valsad', 'Gujarat'),
(408, 'Vapi', 'Gujarat'),
(409, 'Vapi', 'Gujarat'),
(410, 'Veraval', 'Gujarat'),
(411, 'Vijapur', 'Gujarat'),
(412, 'Viramgam', 'Gujarat'),
(413, 'Visnagar', 'Gujarat'),
(414, 'Vyara', 'Gujarat'),
(415, 'Wadhwan', 'Gujarat'),
(416, 'Wankaner', 'Gujarat'),
(417, 'Adalaj', 'Gujrat'),
(418, 'Adityana', 'Gujrat'),
(419, 'Alang', 'Gujrat'),
(420, 'Ambaji', 'Gujrat'),
(421, 'Ambaliyasan', 'Gujrat'),
(422, 'Andada', 'Gujrat'),
(423, 'Anjar', 'Gujrat'),
(424, 'Anklav', 'Gujrat'),
(425, 'Antaliya', 'Gujrat'),
(426, 'Arambhada', 'Gujrat'),
(427, 'Atul', 'Gujrat'),
(428, 'Ballabhgarh', 'Hariyana'),
(429, 'Ambala', 'Haryana'),
(430, 'Ambala', 'Haryana'),
(431, 'Asankhurd', 'Haryana'),
(432, 'Assandh', 'Haryana'),
(433, 'Ateli', 'Haryana'),
(434, 'Babiyal', 'Haryana'),
(435, 'Bahadurgarh', 'Haryana'),
(436, 'Barwala', 'Haryana'),
(437, 'Bhiwani', 'Haryana'),
(438, 'Charkhi Dadri', 'Haryana'),
(439, 'Cheeka', 'Haryana'),
(440, 'Ellenabad 2', 'Haryana'),
(441, 'Faridabad', 'Haryana'),
(442, 'Fatehabad', 'Haryana'),
(443, 'Ganaur', 'Haryana'),
(444, 'Gharaunda', 'Haryana'),
(445, 'Gohana', 'Haryana'),
(446, 'Gurgaon', 'Haryana'),
(447, 'Haibat(Yamuna Nagar)', 'Haryana'),
(448, 'Hansi', 'Haryana'),
(449, 'Hisar', 'Haryana'),
(450, 'Hodal', 'Haryana'),
(451, 'Jhajjar', 'Haryana'),
(452, 'Jind', 'Haryana'),
(453, 'Kaithal', 'Haryana'),
(454, 'Kalan Wali', 'Haryana'),
(455, 'Kalka', 'Haryana'),
(456, 'Karnal', 'Haryana'),
(457, 'Ladwa', 'Haryana'),
(458, 'Mahendragarh', 'Haryana'),
(459, 'Mandi Dabwali', 'Haryana'),
(460, 'Narnaul', 'Haryana'),
(461, 'Narwana', 'Haryana'),
(462, 'Palwal', 'Haryana'),
(463, 'Panchkula', 'Haryana'),
(464, 'Panipat', 'Haryana'),
(465, 'Pehowa', 'Haryana'),
(466, 'Pinjore', 'Haryana'),
(467, 'Rania', 'Haryana'),
(468, 'Ratia', 'Haryana'),
(469, 'Rewari', 'Haryana'),
(470, 'Rohtak', 'Haryana'),
(471, 'Safidon', 'Haryana'),
(472, 'Samalkha', 'Haryana'),
(473, 'Shahbad', 'Haryana'),
(474, 'Sirsa', 'Haryana'),
(475, 'Sohna', 'Haryana'),
(476, 'Sonipat', 'Haryana'),
(477, 'Taraori', 'Haryana'),
(478, 'Thanesar', 'Haryana'),
(479, 'Tohana', 'Haryana'),
(480, 'Yamunanagar', 'Haryana'),
(481, 'Arki', 'Himachal Pradesh'),
(482, 'Baddi', 'Himachal Pradesh'),
(483, 'Bilaspur', 'Himachal Pradesh'),
(484, 'Chamba', 'Himachal Pradesh'),
(485, 'Dalhousie', 'Himachal Pradesh'),
(486, 'Dharamsala', 'Himachal Pradesh'),
(487, 'Hamirpur', 'Himachal Pradesh'),
(488, 'Mandi', 'Himachal Pradesh'),
(489, 'Nahan', 'Himachal Pradesh'),
(490, 'Shimla', 'Himachal Pradesh'),
(491, 'Solan', 'Himachal Pradesh'),
(492, 'Sundarnagar', 'Himachal Pradesh'),
(493, 'Jammu', 'Jammu & Kashmir'),
(494, 'Achabbal', 'Jammu & Kashmir'),
(495, 'Akhnoor', 'Jammu & Kashmir'),
(496, 'Anantnag', 'Jammu & Kashmir'),
(497, 'Arnia', 'Jammu & Kashmir'),
(498, 'Awantipora', 'Jammu & Kashmir'),
(499, 'Bandipore', 'Jammu & Kashmir'),
(500, 'Baramula', 'Jammu & Kashmir'),
(501, 'Kathua', 'Jammu & Kashmir'),
(502, 'Leh', 'Jammu & Kashmir'),
(503, 'Punch', 'Jammu & Kashmir'),
(504, 'Rajauri', 'Jammu & Kashmir'),
(505, 'Sopore', 'Jammu & Kashmir'),
(506, 'Srinagar', 'Jammu & Kashmir'),
(507, 'Udhampur', 'Jammu & Kashmir'),
(508, 'Amlabad', 'Jharkhand'),
(509, 'Ara', 'Jharkhand'),
(510, 'Barughutu', 'Jharkhand'),
(511, 'Bokaro Steel City', 'Jharkhand'),
(512, 'Chaibasa', 'Jharkhand'),
(513, 'Chakradharpur', 'Jharkhand'),
(514, 'Chandrapura', 'Jharkhand'),
(515, 'Chatra', 'Jharkhand'),
(516, 'Chirkunda', 'Jharkhand'),
(517, 'Churi', 'Jharkhand'),
(518, 'Daltonganj', 'Jharkhand'),
(519, 'Deoghar', 'Jharkhand'),
(520, 'Dhanbad', 'Jharkhand'),
(521, 'Dumka', 'Jharkhand'),
(522, 'Garhwa', 'Jharkhand'),
(523, 'Ghatshila', 'Jharkhand'),
(524, 'Giridih', 'Jharkhand'),
(525, 'Godda', 'Jharkhand'),
(526, 'Gomoh', 'Jharkhand'),
(527, 'Gumia', 'Jharkhand'),
(528, 'Gumla', 'Jharkhand'),
(529, 'Hazaribag', 'Jharkhand'),
(530, 'Hussainabad', 'Jharkhand'),
(531, 'Jamshedpur', 'Jharkhand'),
(532, 'Jamtara', 'Jharkhand'),
(533, 'Jhumri Tilaiya', 'Jharkhand'),
(534, 'Khunti', 'Jharkhand'),
(535, 'Lohardaga', 'Jharkhand'),
(536, 'Madhupur', 'Jharkhand'),
(537, 'Mihijam', 'Jharkhand'),
(538, 'Musabani', 'Jharkhand'),
(539, 'Pakaur', 'Jharkhand'),
(540, 'Patratu', 'Jharkhand'),
(541, 'Phusro', 'Jharkhand'),
(542, 'Ramngarh', 'Jharkhand'),
(543, 'Ranchi', 'Jharkhand'),
(544, 'Sahibganj', 'Jharkhand'),
(545, 'Saunda', 'Jharkhand'),
(546, 'Simdega', 'Jharkhand'),
(547, 'Tenu Dam-cum- Kathhara', 'Jharkhand'),
(548, 'Arasikere', 'Karnataka'),
(549, 'Bangalore', 'Karnataka'),
(550, 'Belgaum', 'Karnataka'),
(551, 'Bellary', 'Karnataka'),
(552, 'Chamrajnagar', 'Karnataka'),
(553, 'Chikkaballapur', 'Karnataka'),
(554, 'Chintamani', 'Karnataka'),
(555, 'Chitradurga', 'Karnataka'),
(556, 'Gulbarga', 'Karnataka'),
(557, 'Gundlupet', 'Karnataka'),
(558, 'Hassan', 'Karnataka'),
(559, 'Hospet', 'Karnataka'),
(560, 'Hubli', 'Karnataka'),
(561, 'Karkala', 'Karnataka'),
(562, 'Karwar', 'Karnataka'),
(563, 'Kolar', 'Karnataka'),
(564, 'Kota', 'Karnataka'),
(565, 'Lakshmeshwar', 'Karnataka'),
(566, 'Lingsugur', 'Karnataka'),
(567, 'Maddur', 'Karnataka'),
(568, 'Madhugiri', 'Karnataka'),
(569, 'Madikeri', 'Karnataka'),
(570, 'Magadi', 'Karnataka'),
(571, 'Mahalingpur', 'Karnataka'),
(572, 'Malavalli', 'Karnataka'),
(573, 'Malur', 'Karnataka'),
(574, 'Mandya', 'Karnataka'),
(575, 'Mangalore', 'Karnataka'),
(576, 'Manvi', 'Karnataka'),
(577, 'Mudalgi', 'Karnataka'),
(578, 'Mudbidri', 'Karnataka'),
(579, 'Muddebihal', 'Karnataka'),
(580, 'Mudhol', 'Karnataka'),
(581, 'Mulbagal', 'Karnataka'),
(582, 'Mundargi', 'Karnataka'),
(583, 'Mysore', 'Karnataka'),
(584, 'Nanjangud', 'Karnataka'),
(585, 'Pavagada', 'Karnataka'),
(586, 'Puttur', 'Karnataka'),
(587, 'Rabkavi Banhatti', 'Karnataka'),
(588, 'Raichur', 'Karnataka'),
(589, 'Ramanagaram', 'Karnataka'),
(590, 'Ramdurg', 'Karnataka'),
(591, 'Ranibennur', 'Karnataka'),
(592, 'Robertson Pet', 'Karnataka'),
(593, 'Ron', 'Karnataka'),
(594, 'Sadalgi', 'Karnataka'),
(595, 'Sagar', 'Karnataka'),
(596, 'Sakleshpur', 'Karnataka'),
(597, 'Sandur', 'Karnataka'),
(598, 'Sankeshwar', 'Karnataka'),
(599, 'Saundatti-Yellamma', 'Karnataka'),
(600, 'Savanur', 'Karnataka'),
(601, 'Sedam', 'Karnataka'),
(602, 'Shahabad', 'Karnataka'),
(603, 'Shahpur', 'Karnataka'),
(604, 'Shiggaon', 'Karnataka'),
(605, 'Shikapur', 'Karnataka'),
(606, 'Shimoga', 'Karnataka'),
(607, 'Shorapur', 'Karnataka'),
(608, 'Shrirangapattana', 'Karnataka'),
(609, 'Sidlaghatta', 'Karnataka'),
(610, 'Sindgi', 'Karnataka'),
(611, 'Sindhnur', 'Karnataka'),
(612, 'Sira', 'Karnataka'),
(613, 'Sirsi', 'Karnataka'),
(614, 'Siruguppa', 'Karnataka'),
(615, 'Srinivaspur', 'Karnataka'),
(616, 'Talikota', 'Karnataka'),
(617, 'Tarikere', 'Karnataka'),
(618, 'Tekkalakota', 'Karnataka'),
(619, 'Terdal', 'Karnataka'),
(620, 'Tiptur', 'Karnataka'),
(621, 'Tumkur', 'Karnataka'),
(622, 'Udupi', 'Karnataka'),
(623, 'Vijayapura', 'Karnataka'),
(624, 'Wadi', 'Karnataka'),
(625, 'Yadgir', 'Karnataka'),
(626, 'Adoor', 'Kerala'),
(627, 'Akathiyoor', 'Kerala'),
(628, 'Alappuzha', 'Kerala'),
(629, 'Ancharakandy', 'Kerala'),
(630, 'Aroor', 'Kerala'),
(631, 'Ashtamichira', 'Kerala'),
(632, 'Attingal', 'Kerala'),
(633, 'Avinissery', 'Kerala'),
(634, 'Chalakudy', 'Kerala'),
(635, 'Changanassery', 'Kerala'),
(636, 'Chendamangalam', 'Kerala'),
(637, 'Chengannur', 'Kerala'),
(638, 'Cherthala', 'Kerala'),
(639, 'Cheruthazham', 'Kerala'),
(640, 'Chittur-Thathamangalam', 'Kerala'),
(641, 'Chockli', 'Kerala'),
(642, 'Erattupetta', 'Kerala'),
(643, 'Guruvayoor', 'Kerala'),
(644, 'Irinjalakuda', 'Kerala'),
(645, 'Kadirur', 'Kerala'),
(646, 'Kalliasseri', 'Kerala'),
(647, 'Kalpetta', 'Kerala'),
(648, 'Kanhangad', 'Kerala'),
(649, 'Kanjikkuzhi', 'Kerala'),
(650, 'Kannur', 'Kerala'),
(651, 'Kasaragod', 'Kerala'),
(652, 'Kayamkulam', 'Kerala'),
(653, 'Kochi', 'Kerala'),
(654, 'Kodungallur', 'Kerala'),
(655, 'Kollam', 'Kerala'),
(656, 'Koothuparamba', 'Kerala'),
(657, 'Kothamangalam', 'Kerala'),
(658, 'Kottayam', 'Kerala'),
(659, 'Kozhikode', 'Kerala'),
(660, 'Kunnamkulam', 'Kerala'),
(661, 'Malappuram', 'Kerala'),
(662, 'Mattannur', 'Kerala'),
(663, 'Mavelikkara', 'Kerala'),
(664, 'Mavoor', 'Kerala'),
(665, 'Muvattupuzha', 'Kerala'),
(666, 'Nedumangad', 'Kerala'),
(667, 'Neyyattinkara', 'Kerala'),
(668, 'Ottappalam', 'Kerala'),
(669, 'Palai', 'Kerala'),
(670, 'Palakkad', 'Kerala'),
(671, 'Panniyannur', 'Kerala'),
(672, 'Pappinisseri', 'Kerala'),
(673, 'Paravoor', 'Kerala'),
(674, 'Pathanamthitta', 'Kerala'),
(675, 'Payyannur', 'Kerala'),
(676, 'Peringathur', 'Kerala'),
(677, 'Perinthalmanna', 'Kerala'),
(678, 'Perumbavoor', 'Kerala'),
(679, 'Ponnani', 'Kerala'),
(680, 'Punalur', 'Kerala'),
(681, 'Quilandy', 'Kerala'),
(682, 'Shoranur', 'Kerala'),
(683, 'Taliparamba', 'Kerala'),
(684, 'Thiruvalla', 'Kerala'),
(685, 'Thiruvananthapuram', 'Kerala'),
(686, 'Thodupuzha', 'Kerala'),
(687, 'Thrissur', 'Kerala'),
(688, 'Tirur', 'Kerala'),
(689, 'Vadakara', 'Kerala'),
(690, 'Vaikom', 'Kerala'),
(691, 'Varkala', 'Kerala'),
(692, 'Kavaratti', 'Lakshadweep'),
(693, 'Ashok Nagar', 'Madhya Pradesh'),
(694, 'Balaghat', 'Madhya Pradesh'),
(695, 'Betul', 'Madhya Pradesh'),
(696, 'Bhopal', 'Madhya Pradesh'),
(697, 'Burhanpur', 'Madhya Pradesh'),
(698, 'Chhatarpur', 'Madhya Pradesh'),
(699, 'Dabra', 'Madhya Pradesh'),
(700, 'Datia', 'Madhya Pradesh'),
(701, 'Dewas', 'Madhya Pradesh'),
(702, 'Dhar', 'Madhya Pradesh'),
(703, 'Fatehabad', 'Madhya Pradesh'),
(704, 'Gwalior', 'Madhya Pradesh'),
(705, 'Indore', 'Madhya Pradesh'),
(706, 'Itarsi', 'Madhya Pradesh'),
(707, 'Jabalpur', 'Madhya Pradesh'),
(708, 'Katni', 'Madhya Pradesh'),
(709, 'Kotma', 'Madhya Pradesh'),
(710, 'Lahar', 'Madhya Pradesh'),
(711, 'Lundi', 'Madhya Pradesh'),
(712, 'Maharajpur', 'Madhya Pradesh'),
(713, 'Mahidpur', 'Madhya Pradesh'),
(714, 'Maihar', 'Madhya Pradesh'),
(715, 'Malajkhand', 'Madhya Pradesh'),
(716, 'Manasa', 'Madhya Pradesh'),
(717, 'Manawar', 'Madhya Pradesh'),
(718, 'Mandideep', 'Madhya Pradesh'),
(719, 'Mandla', 'Madhya Pradesh'),
(720, 'Mandsaur', 'Madhya Pradesh'),
(721, 'Mauganj', 'Madhya Pradesh'),
(722, 'Mhow Cantonment', 'Madhya Pradesh'),
(723, 'Mhowgaon', 'Madhya Pradesh'),
(724, 'Morena', 'Madhya Pradesh'),
(725, 'Multai', 'Madhya Pradesh'),
(726, 'Murwara', 'Madhya Pradesh'),
(727, 'Nagda', 'Madhya Pradesh'),
(728, 'Nainpur', 'Madhya Pradesh'),
(729, 'Narsinghgarh', 'Madhya Pradesh'),
(730, 'Narsinghgarh', 'Madhya Pradesh'),
(731, 'Neemuch', 'Madhya Pradesh'),
(732, 'Nepanagar', 'Madhya Pradesh'),
(733, 'Niwari', 'Madhya Pradesh'),
(734, 'Nowgong', 'Madhya Pradesh'),
(735, 'Nowrozabad', 'Madhya Pradesh'),
(736, 'Pachore', 'Madhya Pradesh'),
(737, 'Pali', 'Madhya Pradesh'),
(738, 'Panagar', 'Madhya Pradesh'),
(739, 'Pandhurna', 'Madhya Pradesh'),
(740, 'Panna', 'Madhya Pradesh'),
(741, 'Pasan', 'Madhya Pradesh'),
(742, 'Pipariya', 'Madhya Pradesh'),
(743, 'Pithampur', 'Madhya Pradesh'),
(744, 'Porsa', 'Madhya Pradesh'),
(745, 'Prithvipur', 'Madhya Pradesh'),
(746, 'Raghogarh-Vijaypur', 'Madhya Pradesh'),
(747, 'Rahatgarh', 'Madhya Pradesh'),
(748, 'Raisen', 'Madhya Pradesh'),
(749, 'Rajgarh', 'Madhya Pradesh'),
(750, 'Ratlam', 'Madhya Pradesh'),
(751, 'Rau', 'Madhya Pradesh'),
(752, 'Rehli', 'Madhya Pradesh'),
(753, 'Rewa', 'Madhya Pradesh'),
(754, 'Sabalgarh', 'Madhya Pradesh'),
(755, 'Sagar', 'Madhya Pradesh'),
(756, 'Sanawad', 'Madhya Pradesh'),
(757, 'Sarangpur', 'Madhya Pradesh'),
(758, 'Sarni', 'Madhya Pradesh'),
(759, 'Satna', 'Madhya Pradesh'),
(760, 'Sausar', 'Madhya Pradesh'),
(761, 'Sehore', 'Madhya Pradesh'),
(762, 'Sendhwa', 'Madhya Pradesh'),
(763, 'Seoni', 'Madhya Pradesh'),
(764, 'Seoni-Malwa', 'Madhya Pradesh'),
(765, 'Shahdol', 'Madhya Pradesh'),
(766, 'Shajapur', 'Madhya Pradesh'),
(767, 'Shamgarh', 'Madhya Pradesh'),
(768, 'Sheopur', 'Madhya Pradesh'),
(769, 'Shivpuri', 'Madhya Pradesh'),
(770, 'Shujalpur', 'Madhya Pradesh'),
(771, 'Sidhi', 'Madhya Pradesh'),
(772, 'Sihora', 'Madhya Pradesh'),
(773, 'Singrauli', 'Madhya Pradesh'),
(774, 'Sironj', 'Madhya Pradesh'),
(775, 'Sohagpur', 'Madhya Pradesh'),
(776, 'Tarana', 'Madhya Pradesh'),
(777, 'Tikamgarh', 'Madhya Pradesh'),
(778, 'Ujhani', 'Madhya Pradesh'),
(779, 'Ujjain', 'Madhya Pradesh'),
(780, 'Umaria', 'Madhya Pradesh'),
(781, 'Vidisha', 'Madhya Pradesh'),
(782, 'Wara Seoni', 'Madhya Pradesh'),
(783, 'Ahmednagar', 'Maharashtra'),
(784, 'Akola', 'Maharashtra'),
(785, 'Amravati', 'Maharashtra'),
(786, 'Aurangabad', 'Maharashtra'),
(787, 'Baramati', 'Maharashtra'),
(788, 'Chalisgaon', 'Maharashtra'),
(789, 'Chinchani', 'Maharashtra'),
(790, 'Devgarh', 'Maharashtra'),
(791, 'Dhule', 'Maharashtra'),
(792, 'Dombivli', 'Maharashtra'),
(793, 'Durgapur', 'Maharashtra'),
(794, 'Ichalkaranji', 'Maharashtra'),
(795, 'Jalna', 'Maharashtra'),
(796, 'Kalyan', 'Maharashtra'),
(797, 'Latur', 'Maharashtra'),
(798, 'Loha', 'Maharashtra'),
(799, 'Lonar', 'Maharashtra'),
(800, 'Lonavla', 'Maharashtra'),
(801, 'Mahad', 'Maharashtra'),
(802, 'Mahuli', 'Maharashtra'),
(803, 'Malegaon', 'Maharashtra'),
(804, 'Malkapur', 'Maharashtra'),
(805, 'Manchar', 'Maharashtra'),
(806, 'Mangalvedhe', 'Maharashtra'),
(807, 'Mangrulpir', 'Maharashtra'),
(808, 'Manjlegaon', 'Maharashtra'),
(809, 'Manmad', 'Maharashtra'),
(810, 'Manwath', 'Maharashtra'),
(811, 'Mehkar', 'Maharashtra'),
(812, 'Mhaswad', 'Maharashtra'),
(813, 'Miraj', 'Maharashtra'),
(814, 'Morshi', 'Maharashtra'),
(815, 'Mukhed', 'Maharashtra'),
(816, 'Mul', 'Maharashtra'),
(817, 'Mumbai', 'Maharashtra'),
(818, 'Murtijapur', 'Maharashtra'),
(819, 'Nagpur', 'Maharashtra'),
(820, 'Nalasopara', 'Maharashtra'),
(821, 'Nanded-Waghala', 'Maharashtra'),
(822, 'Nandgaon', 'Maharashtra'),
(823, 'Nandura', 'Maharashtra'),
(824, 'Nandurbar', 'Maharashtra'),
(825, 'Narkhed', 'Maharashtra'),
(826, 'Nashik', 'Maharashtra'),
(827, 'Navi Mumbai', 'Maharashtra'),
(828, 'Nawapur', 'Maharashtra'),
(829, 'Nilanga', 'Maharashtra'),
(830, 'Osmanabad', 'Maharashtra'),
(831, 'Ozar', 'Maharashtra'),
(832, 'Pachora', 'Maharashtra'),
(833, 'Paithan', 'Maharashtra'),
(834, 'Palghar', 'Maharashtra'),
(835, 'Pandharkaoda', 'Maharashtra'),
(836, 'Pandharpur', 'Maharashtra'),
(837, 'Panvel', 'Maharashtra'),
(838, 'Parbhani', 'Maharashtra'),
(839, 'Parli', 'Maharashtra'),
(840, 'Parola', 'Maharashtra'),
(841, 'Partur', 'Maharashtra'),
(842, 'Pathardi', 'Maharashtra'),
(843, 'Pathri', 'Maharashtra'),
(844, 'Patur', 'Maharashtra'),
(845, 'Pauni', 'Maharashtra'),
(846, 'Pen', 'Maharashtra'),
(847, 'Phaltan', 'Maharashtra'),
(848, 'Pulgaon', 'Maharashtra'),
(849, 'Pune', 'Maharashtra'),
(850, 'Purna', 'Maharashtra'),
(851, 'Pusad', 'Maharashtra'),
(852, 'Rahuri', 'Maharashtra'),
(853, 'Rajura', 'Maharashtra'),
(854, 'Ramtek', 'Maharashtra'),
(855, 'Ratnagiri', 'Maharashtra'),
(856, 'Raver', 'Maharashtra'),
(857, 'Risod', 'Maharashtra'),
(858, 'Sailu', 'Maharashtra'),
(859, 'Sangamner', 'Maharashtra'),
(860, 'Sangli', 'Maharashtra'),
(861, 'Sangole', 'Maharashtra'),
(862, 'Sasvad', 'Maharashtra'),
(863, 'Satana', 'Maharashtra'),
(864, 'Satara', 'Maharashtra'),
(865, 'Savner', 'Maharashtra'),
(866, 'Sawantwadi', 'Maharashtra'),
(867, 'Shahade', 'Maharashtra'),
(868, 'Shegaon', 'Maharashtra'),
(869, 'Shendurjana', 'Maharashtra'),
(870, 'Shirdi', 'Maharashtra'),
(871, 'Shirpur-Warwade', 'Maharashtra'),
(872, 'Shirur', 'Maharashtra'),
(873, 'Shrigonda', 'Maharashtra'),
(874, 'Shrirampur', 'Maharashtra'),
(875, 'Sillod', 'Maharashtra'),
(876, 'Sinnar', 'Maharashtra'),
(877, 'Solapur', 'Maharashtra'),
(878, 'Soyagaon', 'Maharashtra'),
(879, 'Talegaon Dabhade', 'Maharashtra'),
(880, 'Talode', 'Maharashtra'),
(881, 'Tasgaon', 'Maharashtra'),
(882, 'Tirora', 'Maharashtra'),
(883, 'Tuljapur', 'Maharashtra'),
(884, 'Tumsar', 'Maharashtra'),
(885, 'Uran', 'Maharashtra'),
(886, 'Uran Islampur', 'Maharashtra'),
(887, 'Wadgaon Road', 'Maharashtra'),
(888, 'Wai', 'Maharashtra'),
(889, 'Wani', 'Maharashtra'),
(890, 'Wardha', 'Maharashtra'),
(891, 'Warora', 'Maharashtra'),
(892, 'Warud', 'Maharashtra'),
(893, 'Washim', 'Maharashtra'),
(894, 'Yevla', 'Maharashtra'),
(895, 'Uchgaon', 'Maharashtra'),
(896, 'Udgir', 'Maharashtra'),
(897, 'Umarga', 'Maharastra'),
(898, 'Umarkhed', 'Maharastra'),
(899, 'Umred', 'Maharastra'),
(900, 'Vadgaon Kasba', 'Maharastra'),
(901, 'Vaijapur', 'Maharastra'),
(902, 'Vasai', 'Maharastra'),
(903, 'Virar', 'Maharastra'),
(904, 'Vita', 'Maharastra'),
(905, 'Yavatmal', 'Maharastra'),
(906, 'Yawal', 'Maharastra'),
(907, 'Imphal', 'Manipur'),
(908, 'Kakching', 'Manipur'),
(909, 'Lilong', 'Manipur'),
(910, 'Mayang Imphal', 'Manipur'),
(911, 'Thoubal', 'Manipur'),
(912, 'Jowai', 'Meghalaya'),
(913, 'Nongstoin', 'Meghalaya'),
(914, 'Shillong', 'Meghalaya'),
(915, 'Tura', 'Meghalaya'),
(916, 'Aizawl', 'Mizoram'),
(917, 'Champhai', 'Mizoram'),
(918, 'Lunglei', 'Mizoram'),
(919, 'Saiha', 'Mizoram'),
(920, 'Dimapur', 'Nagaland'),
(921, 'Kohima', 'Nagaland'),
(922, 'Mokokchung', 'Nagaland'),
(923, 'Tuensang', 'Nagaland'),
(924, 'Wokha', 'Nagaland'),
(925, 'Zunheboto', 'Nagaland'),
(950, 'Anandapur', 'Orissa'),
(951, 'Anugul', 'Orissa'),
(952, 'Asika', 'Orissa'),
(953, 'Balangir', 'Orissa'),
(954, 'Balasore', 'Orissa'),
(955, 'Baleshwar', 'Orissa'),
(956, 'Bamra', 'Orissa'),
(957, 'Barbil', 'Orissa'),
(958, 'Bargarh', 'Orissa'),
(959, 'Bargarh', 'Orissa'),
(960, 'Baripada', 'Orissa'),
(961, 'Basudebpur', 'Orissa'),
(962, 'Belpahar', 'Orissa'),
(963, 'Bhadrak', 'Orissa'),
(964, 'Bhawanipatna', 'Orissa'),
(965, 'Bhuban', 'Orissa'),
(966, 'Bhubaneswar', 'Orissa'),
(967, 'Biramitrapur', 'Orissa'),
(968, 'Brahmapur', 'Orissa'),
(969, 'Brajrajnagar', 'Orissa'),
(970, 'Byasanagar', 'Orissa'),
(971, 'Cuttack', 'Orissa'),
(972, 'Debagarh', 'Orissa'),
(973, 'Dhenkanal', 'Orissa'),
(974, 'Gunupur', 'Orissa'),
(975, 'Hinjilicut', 'Orissa'),
(976, 'Jagatsinghapur', 'Orissa'),
(977, 'Jajapur', 'Orissa'),
(978, 'Jaleswar', 'Orissa'),
(979, 'Jatani', 'Orissa'),
(980, 'Jeypur', 'Orissa'),
(981, 'Jharsuguda', 'Orissa'),
(982, 'Joda', 'Orissa'),
(983, 'Kantabanji', 'Orissa'),
(984, 'Karanjia', 'Orissa'),
(985, 'Kendrapara', 'Orissa'),
(986, 'Kendujhar', 'Orissa'),
(987, 'Khordha', 'Orissa'),
(988, 'Koraput', 'Orissa'),
(989, 'Malkangiri', 'Orissa'),
(990, 'Nabarangapur', 'Orissa'),
(991, 'Paradip', 'Orissa'),
(992, 'Parlakhemundi', 'Orissa'),
(993, 'Pattamundai', 'Orissa'),
(994, 'Phulabani', 'Orissa'),
(995, 'Puri', 'Orissa'),
(996, 'Rairangpur', 'Orissa'),
(997, 'Rajagangapur', 'Orissa'),
(998, 'Raurkela', 'Orissa'),
(999, 'Rayagada', 'Orissa'),
(1000, 'Sambalpur', 'Orissa'),
(1001, 'Soro', 'Orissa'),
(1002, 'Sunabeda', 'Orissa'),
(1003, 'Sundargarh', 'Orissa'),
(1004, 'Talcher', 'Orissa'),
(1005, 'Titlagarh', 'Orissa'),
(1006, 'Umarkote', 'Orissa'),
(1007, 'Karaikal', 'Pondicherry'),
(1008, 'Mahe', 'Pondicherry'),
(1009, 'Pondicherry', 'Pondicherry'),
(1010, 'Yanam', 'Pondicherry'),
(1011, 'Ahmedgarh', 'Punjab'),
(1012, 'Amritsar', 'Punjab'),
(1013, 'Barnala', 'Punjab'),
(1014, 'Batala', 'Punjab'),
(1015, 'Bathinda', 'Punjab'),
(1016, 'Bhagha Purana', 'Punjab'),
(1017, 'Budhlada', 'Punjab'),
(1018, 'Chandigarh', 'Punjab'),
(1019, 'Dasua', 'Punjab'),
(1020, 'Dhuri', 'Punjab'),
(1021, 'Dinanagar', 'Punjab'),
(1022, 'Faridkot', 'Punjab'),
(1023, 'Fazilka', 'Punjab'),
(1024, 'Firozpur', 'Punjab'),
(1025, 'Firozpur Cantt.', 'Punjab'),
(1026, 'Giddarbaha', 'Punjab'),
(1027, 'Gobindgarh', 'Punjab'),
(1028, 'Gurdaspur', 'Punjab'),
(1029, 'Hoshiarpur', 'Punjab'),
(1030, 'Jagraon', 'Punjab'),
(1031, 'Jaitu', 'Punjab'),
(1032, 'Jalalabad', 'Punjab'),
(1033, 'Jalandhar', 'Punjab'),
(1034, 'Jalandhar Cantt.', 'Punjab'),
(1035, 'Jandiala', 'Punjab'),
(1036, 'Kapurthala', 'Punjab'),
(1037, 'Karoran', 'Punjab'),
(1038, 'Kartarpur', 'Punjab'),
(1039, 'Khanna', 'Punjab'),
(1040, 'Kharar', 'Punjab'),
(1041, 'Kot Kapura', 'Punjab'),
(1042, 'Kurali', 'Punjab'),
(1043, 'Longowal', 'Punjab'),
(1044, 'Ludhiana', 'Punjab'),
(1045, 'Malerkotla', 'Punjab'),
(1046, 'Malout', 'Punjab'),
(1047, 'Mansa', 'Punjab'),
(1048, 'Maur', 'Punjab'),
(1049, 'Moga', 'Punjab'),
(1050, 'Mohali', 'Punjab'),
(1051, 'Morinda', 'Punjab'),
(1052, 'Mukerian', 'Punjab'),
(1053, 'Muktsar', 'Punjab'),
(1054, 'Nabha', 'Punjab'),
(1055, 'Nakodar', 'Punjab'),
(1056, 'Nangal', 'Punjab'),
(1057, 'Nawanshahr', 'Punjab'),
(1058, 'Pathankot', 'Punjab'),
(1059, 'Patiala', 'Punjab'),
(1060, 'Patran', 'Punjab'),
(1061, 'Patti', 'Punjab'),
(1062, 'Phagwara', 'Punjab'),
(1063, 'Phillaur', 'Punjab'),
(1064, 'Qadian', 'Punjab'),
(1065, 'Raikot', 'Punjab'),
(1066, 'Rajpura', 'Punjab'),
(1067, 'Rampura Phul', 'Punjab'),
(1068, 'Rupnagar', 'Punjab'),
(1069, 'Samana', 'Punjab'),
(1070, 'Sangrur', 'Punjab'),
(1071, 'Sirhind Fatehgarh Sahib', 'Punjab'),
(1072, 'Sujanpur', 'Punjab'),
(1073, 'Sunam', 'Punjab'),
(1074, 'Talwara', 'Punjab'),
(1075, 'Tarn Taran', 'Punjab'),
(1076, 'Urmar Tanda', 'Punjab'),
(1077, 'Zira', 'Punjab'),
(1078, 'Zirakpur', 'Punjab'),
(1079, 'Bali', 'Rajasthan'),
(1080, 'Banswara', 'Rajastan'),
(1081, 'Ajmer', 'Rajasthan'),
(1082, 'Alwar', 'Rajasthan'),
(1083, 'Bandikui', 'Rajasthan'),
(1084, 'Baran', 'Rajasthan'),
(1085, 'Barmer', 'Rajasthan'),
(1086, 'Bikaner', 'Rajasthan'),
(1087, 'Fatehpur', 'Rajasthan'),
(1088, 'Jaipur', 'Rajasthan'),
(1089, 'Jaisalmer', 'Rajasthan'),
(1090, 'Jodhpur', 'Rajasthan'),
(1091, 'Kota', 'Rajasthan'),
(1092, 'Lachhmangarh', 'Rajasthan'),
(1093, 'Ladnu', 'Rajasthan'),
(1094, 'Lakheri', 'Rajasthan'),
(1095, 'Lalsot', 'Rajasthan'),
(1096, 'Losal', 'Rajasthan'),
(1097, 'Makrana', 'Rajasthan'),
(1098, 'Malpura', 'Rajasthan'),
(1099, 'Mandalgarh', 'Rajasthan'),
(1100, 'Mandawa', 'Rajasthan'),
(1101, 'Mangrol', 'Rajasthan'),
(1102, 'Merta City', 'Rajasthan'),
(1103, 'Mount Abu', 'Rajasthan'),
(1104, 'Nadbai', 'Rajasthan'),
(1105, 'Nagar', 'Rajasthan'),
(1106, 'Nagaur', 'Rajasthan'),
(1107, 'Nargund', 'Rajasthan'),
(1108, 'Nasirabad', 'Rajasthan'),
(1109, 'Nathdwara', 'Rajasthan'),
(1110, 'Navalgund', 'Rajasthan'),
(1111, 'Nawalgarh', 'Rajasthan'),
(1112, 'Neem-Ka-Thana', 'Rajasthan'),
(1113, 'Nelamangala', 'Rajasthan'),
(1114, 'Nimbahera', 'Rajasthan'),
(1115, 'Nipani', 'Rajasthan'),
(1116, 'Niwai', 'Rajasthan'),
(1117, 'Nohar', 'Rajasthan'),
(1118, 'Nokha', 'Rajasthan'),
(1119, 'Pali', 'Rajasthan'),
(1120, 'Phalodi', 'Rajasthan'),
(1121, 'Phulera', 'Rajasthan'),
(1122, 'Pilani', 'Rajasthan'),
(1123, 'Pilibanga', 'Rajasthan'),
(1124, 'Pindwara', 'Rajasthan'),
(1125, 'Pipar City', 'Rajasthan'),
(1126, 'Prantij', 'Rajasthan'),
(1127, 'Pratapgarh', 'Rajasthan'),
(1128, 'Raisinghnagar', 'Rajasthan'),
(1129, 'Rajakhera', 'Rajasthan'),
(1130, 'Rajaldesar', 'Rajasthan'),
(1131, 'Rajgarh (Alwar)', 'Rajasthan'),
(1132, 'Rajgarh (Churu', 'Rajasthan'),
(1133, 'Rajsamand', 'Rajasthan'),
(1134, 'Ramganj Mandi', 'Rajasthan'),
(1135, 'Ramngarh', 'Rajasthan'),
(1136, 'Ratangarh', 'Rajasthan'),
(1137, 'Rawatbhata', 'Rajasthan'),
(1138, 'Rawatsar', 'Rajasthan'),
(1139, 'Reengus', 'Rajasthan'),
(1140, 'Sadri', 'Rajasthan'),
(1141, 'Sadulshahar', 'Rajasthan'),
(1142, 'Sagwara', 'Rajasthan'),
(1143, 'Sambhar', 'Rajasthan'),
(1144, 'Sanchore', 'Rajasthan'),
(1145, 'Sangaria', 'Rajasthan'),
(1146, 'Sardarshahar', 'Rajasthan'),
(1147, 'Sawai Madhopur', 'Rajasthan'),
(1148, 'Shahpura', 'Rajasthan'),
(1149, 'Shahpura', 'Rajasthan'),
(1150, 'Sheoganj', 'Rajasthan'),
(1151, 'Sikar', 'Rajasthan'),
(1152, 'Sirohi', 'Rajasthan'),
(1153, 'Sojat', 'Rajasthan'),
(1154, 'Sri Madhopur', 'Rajasthan'),
(1155, 'Sujangarh', 'Rajasthan'),
(1156, 'Sumerpur', 'Rajasthan'),
(1157, 'Suratgarh', 'Rajasthan'),
(1158, 'Taranagar', 'Rajasthan'),
(1159, 'Todabhim', 'Rajasthan'),
(1160, 'Todaraisingh', 'Rajasthan'),
(1161, 'Tonk', 'Rajasthan'),
(1162, 'Udaipur', 'Rajasthan'),
(1163, 'Udaipurwati', 'Rajasthan'),
(1164, 'Vijainagar', 'Rajasthan'),
(1165, 'Gangtok', 'Sikkim'),
(1166, 'Calcutta', 'West Bengal'),
(1167, 'Arakkonam', 'Tamil Nadu'),
(1168, 'Arcot', 'Tamil Nadu'),
(1169, 'Aruppukkottai', 'Tamil Nadu'),
(1170, 'Bhavani', 'Tamil Nadu'),
(1171, 'Chengalpattu', 'Tamil Nadu'),
(1172, 'Chennai', 'Tamil Nadu'),
(1173, 'Chinna salem', 'Tamil nadu'),
(1174, 'Coimbatore', 'Tamil Nadu'),
(1175, 'Coonoor', 'Tamil Nadu'),
(1176, 'Cuddalore', 'Tamil Nadu'),
(1177, 'Dharmapuri', 'Tamil Nadu'),
(1178, 'Dindigul', 'Tamil Nadu'),
(1179, 'Erode', 'Tamil Nadu'),
(1180, 'Gudalur', 'Tamil Nadu'),
(1181, 'Gudalur', 'Tamil Nadu'),
(1182, 'Gudalur', 'Tamil Nadu'),
(1183, 'Kanchipuram', 'Tamil Nadu'),
(1184, 'Karaikudi', 'Tamil Nadu'),
(1185, 'Karungal', 'Tamil Nadu'),
(1186, 'Karur', 'Tamil Nadu'),
(1187, 'Kollankodu', 'Tamil Nadu'),
(1188, 'Lalgudi', 'Tamil Nadu'),
(1189, 'Madurai', 'Tamil Nadu'),
(1190, 'Nagapattinam', 'Tamil Nadu'),
(1191, 'Nagercoil', 'Tamil Nadu'),
(1192, 'Namagiripettai', 'Tamil Nadu'),
(1193, 'Namakkal', 'Tamil Nadu'),
(1194, 'Nandivaram-Guduvancheri', 'Tamil Nadu'),
(1195, 'Nanjikottai', 'Tamil Nadu'),
(1196, 'Natham', 'Tamil Nadu'),
(1197, 'Nellikuppam', 'Tamil Nadu'),
(1198, 'Neyveli', 'Tamil Nadu'),
(1199, 'O\' Valley', 'Tamil Nadu'),
(1200, 'Oddanchatram', 'Tamil Nadu'),
(1201, 'P.N.Patti', 'Tamil Nadu'),
(1202, 'Pacode', 'Tamil Nadu'),
(1203, 'Padmanabhapuram', 'Tamil Nadu'),
(1204, 'Palani', 'Tamil Nadu'),
(1205, 'Palladam', 'Tamil Nadu'),
(1206, 'Pallapatti', 'Tamil Nadu'),
(1207, 'Pallikonda', 'Tamil Nadu'),
(1208, 'Panagudi', 'Tamil Nadu'),
(1209, 'Panruti', 'Tamil Nadu'),
(1210, 'Paramakudi', 'Tamil Nadu'),
(1211, 'Parangipettai', 'Tamil Nadu'),
(1212, 'Pattukkottai', 'Tamil Nadu'),
(1213, 'Perambalur', 'Tamil Nadu'),
(1214, 'Peravurani', 'Tamil Nadu'),
(1215, 'Periyakulam', 'Tamil Nadu'),
(1216, 'Periyasemur', 'Tamil Nadu'),
(1217, 'Pernampattu', 'Tamil Nadu'),
(1218, 'Pollachi', 'Tamil Nadu'),
(1219, 'Polur', 'Tamil Nadu'),
(1220, 'Ponneri', 'Tamil Nadu'),
(1221, 'Pudukkottai', 'Tamil Nadu'),
(1222, 'Pudupattinam', 'Tamil Nadu'),
(1223, 'Puliyankudi', 'Tamil Nadu'),
(1224, 'Punjaipugalur', 'Tamil Nadu'),
(1225, 'Rajapalayam', 'Tamil Nadu'),
(1226, 'Ramanathapuram', 'Tamil Nadu'),
(1227, 'Rameshwaram', 'Tamil Nadu'),
(1228, 'Rasipuram', 'Tamil Nadu'),
(1229, 'Salem', 'Tamil Nadu'),
(1230, 'Sankarankoil', 'Tamil Nadu'),
(1231, 'Sankari', 'Tamil Nadu'),
(1232, 'Sathyamangalam', 'Tamil Nadu'),
(1233, 'Sattur', 'Tamil Nadu'),
(1234, 'Shenkottai', 'Tamil Nadu'),
(1235, 'Sholavandan', 'Tamil Nadu'),
(1236, 'Sholingur', 'Tamil Nadu'),
(1237, 'Sirkali', 'Tamil Nadu'),
(1238, 'Sivaganga', 'Tamil Nadu'),
(1239, 'Sivagiri', 'Tamil Nadu'),
(1240, 'Sivakasi', 'Tamil Nadu'),
(1241, 'Srivilliputhur', 'Tamil Nadu'),
(1242, 'Surandai', 'Tamil Nadu'),
(1243, 'Suriyampalayam', 'Tamil Nadu'),
(1244, 'Tenkasi', 'Tamil Nadu'),
(1245, 'Thammampatti', 'Tamil Nadu'),
(1246, 'Thanjavur', 'Tamil Nadu'),
(1247, 'Tharamangalam', 'Tamil Nadu'),
(1248, 'Tharangambadi', 'Tamil Nadu'),
(1249, 'Theni Allinagaram', 'Tamil Nadu'),
(1250, 'Thirumangalam', 'Tamil Nadu'),
(1251, 'Thirunindravur', 'Tamil Nadu'),
(1252, 'Thiruparappu', 'Tamil Nadu'),
(1253, 'Thirupuvanam', 'Tamil Nadu'),
(1254, 'Thiruthuraipoondi', 'Tamil Nadu'),
(1255, 'Thiruvallur', 'Tamil Nadu'),
(1256, 'Thiruvarur', 'Tamil Nadu'),
(1257, 'Thoothukudi', 'Tamil Nadu'),
(1258, 'Thuraiyur', 'Tamil Nadu'),
(1259, 'Tindivanam', 'Tamil Nadu'),
(1260, 'Tiruchendur', 'Tamil Nadu'),
(1261, 'Tiruchengode', 'Tamil Nadu'),
(1262, 'Tiruchirappalli', 'Tamil Nadu'),
(1263, 'Tirukalukundram', 'Tamil Nadu'),
(1264, 'Tirukkoyilur', 'Tamil Nadu'),
(1265, 'Tirunelveli', 'Tamil Nadu'),
(1266, 'Tirupathur', 'Tamil Nadu'),
(1267, 'Tirupathur', 'Tamil Nadu'),
(1268, 'Tiruppur', 'Tamil Nadu'),
(1269, 'Tiruttani', 'Tamil Nadu'),
(1270, 'Tiruvannamalai', 'Tamil Nadu'),
(1271, 'Tiruvethipuram', 'Tamil Nadu'),
(1272, 'Tittakudi', 'Tamil Nadu'),
(1273, 'Udhagamandalam', 'Tamil Nadu'),
(1274, 'Udumalaipettai', 'Tamil Nadu'),
(1275, 'Unnamalaikadai', 'Tamil Nadu'),
(1276, 'Usilampatti', 'Tamil Nadu'),
(1277, 'Uthamapalayam', 'Tamil Nadu'),
(1278, 'Uthiramerur', 'Tamil Nadu'),
(1279, 'Vadakkuvalliyur', 'Tamil Nadu'),
(1280, 'Vadalur', 'Tamil Nadu'),
(1281, 'Vadipatti', 'Tamil Nadu'),
(1282, 'Valparai', 'Tamil Nadu'),
(1283, 'Vandavasi', 'Tamil Nadu'),
(1284, 'Vaniyambadi', 'Tamil Nadu'),
(1285, 'Vedaranyam', 'Tamil Nadu'),
(1286, 'Vellakoil', 'Tamil Nadu'),
(1287, 'Vellore', 'Tamil Nadu'),
(1288, 'Vikramasingapuram', 'Tamil Nadu'),
(1289, 'Viluppuram', 'Tamil Nadu'),
(1290, 'Virudhachalam', 'Tamil Nadu'),
(1291, 'Virudhunagar', 'Tamil Nadu'),
(1292, 'Viswanatham', 'Tamil Nadu'),
(1293, 'Agartala', 'Tripura'),
(1294, 'Badharghat', 'Tripura'),
(1295, 'Dharmanagar', 'Tripura'),
(1296, 'Indranagar', 'Tripura'),
(1297, 'Jogendranagar', 'Tripura'),
(1298, 'Kailasahar', 'Tripura'),
(1299, 'Khowai', 'Tripura'),
(1300, 'Pratapgarh', 'Tripura'),
(1301, 'Udaipur', 'Tripura'),
(1302, 'Achhnera', 'Uttar Pradesh'),
(1303, 'Adari', 'Uttar Pradesh'),
(1304, 'Agra', 'Uttar Pradesh'),
(1305, 'Aligarh', 'Uttar Pradesh'),
(1306, 'Allahabad', 'Uttar Pradesh'),
(1307, 'Amroha', 'Uttar Pradesh'),
(1308, 'Azamgarh', 'Uttar Pradesh'),
(1309, 'Bahraich', 'Uttar Pradesh'),
(1310, 'Ballia', 'Uttar Pradesh'),
(1311, 'Balrampur', 'Uttar Pradesh'),
(1312, 'Banda', 'Uttar Pradesh'),
(1313, 'Bareilly', 'Uttar Pradesh'),
(1314, 'Chandausi', 'Uttar Pradesh'),
(1315, 'Dadri', 'Uttar Pradesh'),
(1316, 'Deoria', 'Uttar Pradesh'),
(1317, 'Etawah', 'Uttar Pradesh'),
(1318, 'Fatehabad', 'Uttar Pradesh'),
(1319, 'Fatehpur', 'Uttar Pradesh'),
(1320, 'Fatehpur', 'Uttar Pradesh'),
(1321, 'Greater Noida', 'Uttar Pradesh'),
(1322, 'Hamirpur', 'Uttar Pradesh'),
(1323, 'Hardoi', 'Uttar Pradesh'),
(1324, 'Jajmau', 'Uttar Pradesh'),
(1325, 'Jaunpur', 'Uttar Pradesh'),
(1326, 'Jhansi', 'Uttar Pradesh'),
(1327, 'Kalpi', 'Uttar Pradesh'),
(1328, 'Kanpur', 'Uttar Pradesh'),
(1329, 'Kota', 'Uttar Pradesh'),
(1330, 'Laharpur', 'Uttar Pradesh'),
(1331, 'Lakhimpur', 'Uttar Pradesh'),
(1332, 'Lal Gopalganj Nindaura', 'Uttar Pradesh'),
(1333, 'Lalganj', 'Uttar Pradesh'),
(1334, 'Lalitpur', 'Uttar Pradesh'),
(1335, 'Lar', 'Uttar Pradesh'),
(1336, 'Loni', 'Uttar Pradesh'),
(1337, 'Lucknow', 'Uttar Pradesh'),
(1338, 'Mathura', 'Uttar Pradesh'),
(1339, 'Meerut', 'Uttar Pradesh'),
(1340, 'Modinagar', 'Uttar Pradesh'),
(1341, 'Muradnagar', 'Uttar Pradesh'),
(1342, 'Nagina', 'Uttar Pradesh'),
(1343, 'Najibabad', 'Uttar Pradesh'),
(1344, 'Nakur', 'Uttar Pradesh'),
(1345, 'Nanpara', 'Uttar Pradesh'),
(1346, 'Naraura', 'Uttar Pradesh'),
(1347, 'Naugawan Sadat', 'Uttar Pradesh'),
(1348, 'Nautanwa', 'Uttar Pradesh'),
(1349, 'Nawabganj', 'Uttar Pradesh'),
(1350, 'Nehtaur', 'Uttar Pradesh'),
(1351, 'NOIDA', 'Uttar Pradesh'),
(1352, 'Noorpur', 'Uttar Pradesh'),
(1353, 'Obra', 'Uttar Pradesh'),
(1354, 'Orai', 'Uttar Pradesh'),
(1355, 'Padrauna', 'Uttar Pradesh'),
(1356, 'Palia Kalan', 'Uttar Pradesh'),
(1357, 'Parasi', 'Uttar Pradesh'),
(1358, 'Phulpur', 'Uttar Pradesh'),
(1359, 'Pihani', 'Uttar Pradesh'),
(1360, 'Pilibhit', 'Uttar Pradesh'),
(1361, 'Pilkhuwa', 'Uttar Pradesh'),
(1362, 'Powayan', 'Uttar Pradesh'),
(1363, 'Pukhrayan', 'Uttar Pradesh'),
(1364, 'Puranpur', 'Uttar Pradesh'),
(1365, 'Purquazi', 'Uttar Pradesh'),
(1366, 'Purwa', 'Uttar Pradesh'),
(1367, 'Rae Bareli', 'Uttar Pradesh'),
(1368, 'Rampur', 'Uttar Pradesh'),
(1369, 'Rampur Maniharan', 'Uttar Pradesh'),
(1370, 'Rasra', 'Uttar Pradesh'),
(1371, 'Rath', 'Uttar Pradesh'),
(1372, 'Renukoot', 'Uttar Pradesh'),
(1373, 'Reoti', 'Uttar Pradesh'),
(1374, 'Robertsganj', 'Uttar Pradesh'),
(1375, 'Rudauli', 'Uttar Pradesh'),
(1376, 'Rudrapur', 'Uttar Pradesh'),
(1377, 'Sadabad', 'Uttar Pradesh'),
(1378, 'Safipur', 'Uttar Pradesh'),
(1379, 'Saharanpur', 'Uttar Pradesh'),
(1380, 'Sahaspur', 'Uttar Pradesh'),
(1381, 'Sahaswan', 'Uttar Pradesh'),
(1382, 'Sahawar', 'Uttar Pradesh'),
(1383, 'Sahjanwa', 'Uttar Pradesh'),
(1384, 'Saidpur', ' Ghazipur'),
(1385, 'Sambhal', 'Uttar Pradesh'),
(1386, 'Samdhan', 'Uttar Pradesh'),
(1387, 'Samthar', 'Uttar Pradesh'),
(1388, 'Sandi', 'Uttar Pradesh'),
(1389, 'Sandila', 'Uttar Pradesh'),
(1390, 'Sardhana', 'Uttar Pradesh'),
(1391, 'Seohara', 'Uttar Pradesh'),
(1392, 'Shahabad', ' Hardoi'),
(1393, 'Shahabad', ' Rampur'),
(1394, 'Shahganj', 'Uttar Pradesh'),
(1395, 'Shahjahanpur', 'Uttar Pradesh'),
(1396, 'Shamli', 'Uttar Pradesh'),
(1397, 'Shamsabad', ' Agra'),
(1398, 'Shamsabad', ' Farrukhabad'),
(1399, 'Sherkot', 'Uttar Pradesh'),
(1400, 'Shikarpur', ' Bulandshahr'),
(1401, 'Shikohabad', 'Uttar Pradesh'),
(1402, 'Shishgarh', 'Uttar Pradesh'),
(1403, 'Siana', 'Uttar Pradesh'),
(1404, 'Sikanderpur', 'Uttar Pradesh'),
(1405, 'Sikandra Rao', 'Uttar Pradesh'),
(1406, 'Sikandrabad', 'Uttar Pradesh'),
(1407, 'Sirsaganj', 'Uttar Pradesh'),
(1408, 'Sirsi', 'Uttar Pradesh'),
(1409, 'Sitapur', 'Uttar Pradesh'),
(1410, 'Soron', 'Uttar Pradesh'),
(1411, 'Suar', 'Uttar Pradesh'),
(1412, 'Sultanpur', 'Uttar Pradesh'),
(1413, 'Sumerpur', 'Uttar Pradesh'),
(1414, 'Tanda', 'Uttar Pradesh'),
(1415, 'Tanda', 'Uttar Pradesh'),
(1416, 'Tetri Bazar', 'Uttar Pradesh'),
(1417, 'Thakurdwara', 'Uttar Pradesh'),
(1418, 'Thana Bhawan', 'Uttar Pradesh'),
(1419, 'Tilhar', 'Uttar Pradesh'),
(1420, 'Tirwaganj', 'Uttar Pradesh'),
(1421, 'Tulsipur', 'Uttar Pradesh'),
(1422, 'Tundla', 'Uttar Pradesh'),
(1423, 'Unnao', 'Uttar Pradesh'),
(1424, 'Utraula', 'Uttar Pradesh'),
(1425, 'Varanasi', 'Uttar Pradesh'),
(1426, 'Vrindavan', 'Uttar Pradesh'),
(1427, 'Warhapur', 'Uttar Pradesh'),
(1428, 'Zaidpur', 'Uttar Pradesh'),
(1429, 'Zamania', 'Uttar Pradesh'),
(1430, 'Almora', 'Uttarakhand'),
(1431, 'Bazpur', 'Uttarakhand'),
(1432, 'Chamba', 'Uttarakhand'),
(1433, 'Dehradun', 'Uttarakhand'),
(1434, 'Haldwani', 'Uttarakhand'),
(1435, 'Haridwar', 'Uttarakhand'),
(1436, 'Jaspur', 'Uttarakhand'),
(1437, 'Kashipur', 'Uttarakhand'),
(1438, 'kichha', 'Uttarakhand'),
(1439, 'Kotdwara', 'Uttarakhand'),
(1440, 'Manglaur', 'Uttarakhand'),
(1441, 'Mussoorie', 'Uttarakhand'),
(1442, 'Nagla', 'Uttarakhand'),
(1443, 'Nainital', 'Uttarakhand'),
(1444, 'Pauri', 'Uttarakhand'),
(1445, 'Pithoragarh', 'Uttarakhand'),
(1446, 'Ramnagar', 'Uttarakhand'),
(1447, 'Rishikesh', 'Uttarakhand'),
(1448, 'Roorkee', 'Uttarakhand'),
(1449, 'Rudrapur', 'Uttarakhand'),
(1450, 'Sitarganj', 'Uttarakhand'),
(1451, 'Tehri', 'Uttarakhand'),
(1452, 'Muzaffarnagar', 'Uttar Pradesh'),
(1453, 'Adra', ' Purulia'),
(1454, 'Alipurduar', 'West Bengal'),
(1455, 'Arambagh', 'West Bengal'),
(1456, 'Asansol', 'West Bengal'),
(1457, 'Baharampur', 'West Bengal'),
(1458, 'Bally', 'West Bengal'),
(1459, 'Balurghat', 'West Bengal'),
(1460, 'Bankura', 'West Bengal'),
(1461, 'Barakar', 'West Bengal'),
(1462, 'Barasat', 'West Bengal'),
(1463, 'Bardhaman', 'West Bengal'),
(1464, 'Bidhan Nagar', 'West Bengal'),
(1465, 'Chinsura', 'West Bengal'),
(1466, 'Contai', 'West Bengal'),
(1467, 'Cooch Behar', 'West Bengal'),
(1468, 'Darjeeling', 'West Bengal'),
(1469, 'Durgapur', 'West Bengal'),
(1470, 'Haldia', 'West Bengal'),
(1471, 'Howrah', 'West Bengal'),
(1472, 'Islampur', 'West Bengal'),
(1473, 'Jhargram', 'West Bengal'),
(1474, 'Kharagpur', 'West Bengal'),
(1475, 'Kolkata', 'West Bengal'),
(1476, 'Mainaguri', 'West Bengal'),
(1477, 'Mal', 'West Bengal'),
(1478, 'Mathabhanga', 'West Bengal'),
(1479, 'Medinipur', 'West Bengal'),
(1480, 'Memari', 'West Bengal'),
(1481, 'Monoharpur', 'West Bengal'),
(1482, 'Murshidabad', 'West Bengal'),
(1483, 'Nabadwip', 'West Bengal'),
(1484, 'Naihati', 'West Bengal'),
(1485, 'Panchla', 'West Bengal'),
(1486, 'Pandua', 'West Bengal'),
(1487, 'Paschim Punropara', 'West Bengal'),
(1488, 'Purulia', 'West Bengal'),
(1489, 'Raghunathpur', 'West Bengal'),
(1490, 'Raiganj', 'West Bengal'),
(1491, 'Rampurhat', 'West Bengal'),
(1492, 'Ranaghat', 'West Bengal'),
(1493, 'Sainthia', 'West Bengal'),
(1494, 'Santipur', 'West Bengal'),
(1495, 'Siliguri', 'West Bengal'),
(1496, 'Sonamukhi', 'West Bengal'),
(1497, 'Srirampore', 'West Bengal'),
(1498, 'Suri', 'West Bengal'),
(1499, 'Taki', 'West Bengal'),
(1500, 'Tamluk', 'West Bengal'),
(1501, 'Tarakeswar', 'West Bengal'),
(1502, 'Chikmagalur', 'Karnataka'),
(1503, 'Davanagere', 'Karnataka'),
(1504, 'Dharwad', 'Karnataka'),
(1505, 'Gadag', 'Karnataka'),
(1506, 'Chennai', 'Tamil Nadu'),
(1507, 'Coimbatore', 'Tamil Nadu');

-- --------------------------------------------------------

--
-- Table structure for table `jh_company_details`
--

CREATE TABLE `jh_company_details` (
  `id` int(15) NOT NULL,
  `company_name` varchar(300) NOT NULL,
  `url` varchar(250) NOT NULL,
  `city` varchar(100) NOT NULL,
  `state` varchar(100) NOT NULL,
  `TAN` varchar(20) NOT NULL,
  `country` varchar(100) NOT NULL,
  `poc_name` varchar(200) NOT NULL,
  `phone_no` varchar(20) NOT NULL,
  `role` varchar(100) NOT NULL,
  `status` varchar(50) NOT NULL,
  `email` varchar(100) NOT NULL,
  `password` varchar(50) NOT NULL,
  `date_time` datetime NOT NULL DEFAULT CURRENT_TIMESTAMP
) ENGINE=InnoDB DEFAULT CHARSET=latin1;

--
-- Dumping data for table `jh_company_details`
--

INSERT INTO `jh_company_details` (`id`, `company_name`, `url`, `city`, `state`, `TAN`, `country`, `poc_name`, `phone_no`, `role`, `status`, `email`, `password`, `date_time`) VALUES
(7, 'test', 'test.com', 'tvm', 'kl', '', 'india', '', '', 'company', 'active', 'sasa@asd.com', '202cb962ac59075b964b07152d234b70', '2018-01-05 17:01:36'),
(13, 'yanbytesINC', 'yanbytes.com', 'Trivandrum', 'Kerala', '', 'IN', '', '', 'company', 'active', 'yanbytes@gmail.com', '202cb962ac59075b964b07152d234b70', '2018-01-05 20:32:41'),
(14, 'test122', 'gmail.com', '', '', '1231', 'India', 'eee', '111', 'company', 'active', 'aaa@aaa.com', '827ccb0eea8a706c4c34a16891f84e7b', '2018-04-10 14:01:08'),
(15, 'qqq', 'qqq', '', '', 'q1q22', 'India', 'aqaq', '1111', 'company', 'active', 'aq@qa.com', '827ccb0eea8a706c4c34a16891f84e7b', '2018-04-10 14:09:10'),
(16, 'qaq', 'qq@ss.com', '', '', '111', 'India', '1qa', '121', 'company', 'active', 'aqa@aa.com', '827ccb0eea8a706c4c34a16891f84e7b', '2018-04-10 14:10:19'),
(17, 'macnus', 'macnus.com', '', '', 'dfsghgst123', 'India', 'mac23415', '9876567894', 'company', 'active', 'testmac@gmail.com', '3ae98b934bf25a153eb98ffcae220c5f', '2018-05-06 07:18:34'),
(18, 'Apple', 'apple.com', '', '', 'apple123', 'India', 'Apple George', '9895329933', 'company', 'inactive', 'apple@invalid.com', '1f3870be274f6c49b3e31a0c6728957f', '2018-05-09 07:12:09'),
(19, 'macnussolutions', 'macnussolutions.com', '', '', 'dsfsghghs', 'India', 'macos', '7890654321', 'company', 'active', 'testmac01@gmail.com', '3ae98b934bf25a153eb98ffcae220c5f', '2018-05-09 17:35:06'),
(24, 'sifi', 'sifi.com', '', '', 'mac29371', 'India', 'macsolutn', '8976543456', 'company', 'active', 'sasikala221279@gmail.com', '3ae98b934bf25a153eb98ffcae220c5f', '2018-05-23 16:26:39'),
(28, 'Sarah co', 'Sa.com', '', '', '1233e78', 'India', 'Sara koshy', '9847182772', 'company', 'inactive', 'Koshy.sara@gmail.com', '827ccb0eea8a706c4c34a16891f84e7b', '2018-06-08 09:18:04'),
(29, 'Rahul Co', 'Rhaul.com', '', '', 'Art009', 'India', 'Rahul', '9847182772', 'company', 'active', 'rahulkichur@gmail.com', '827ccb0eea8a706c4c34a16891f84e7b', '2018-06-10 12:25:06'),
(30, 'Jithire', 'Jithire.com', '', '', 'Tan12345', 'India', 'Sony George', '9847182772', 'company', 'active', 'sonygeorgepaul@gmail.com', '827ccb0eea8a706c4c34a16891f84e7b', '2018-06-24 13:29:21'),
(31, 'saasd', 'qqq.com', '', '', '1231', 'India', 'eee', '222', 'company', 'inactive', 'asd@gmail.com', '827ccb0eea8a706c4c34a16891f84e7b', '2018-07-12 15:02:34'),
(35, 'sada', 'asd', '', '', 'asd', 'India', 'asd', '111', 'company', 'inactive', 'asd@gmail.com', '827ccb0eea8a706c4c34a16891f84e7b', '2018-07-12 15:14:11'),
(37, 'sad', 'adads', '', '', 'asda', 'India', 'eee', '222', 'company', 'inactive', 'asd@gamil.com', '827ccb0eea8a706c4c34a16891f84e7b', '2018-07-12 15:20:04'),
(39, 'saasdasdasd', 'uel.com', '', '', 'asda', 'India', 'sheik', '222', 'company', 'inactive', '5asd@gmail.com', '827ccb0eea8a706c4c34a16891f84e7b', '2018-07-12 15:30:01'),
(40, 'saasdasdasd1', '1uel.com', '', '', '121', 'India', 'sheik', '222', 'company', 'inactive', '5asd@gmail.com', '827ccb0eea8a706c4c34a16891f84e7b', '2018-07-12 15:31:31'),
(41, '1111', '11', '', '', 'asda', 'India', 'eee', '222', 'company', 'inactive', 'asd@gmail.com', '827ccb0eea8a706c4c34a16891f84e7b', '2018-07-12 15:32:29'),
(42, 'yan', 'yan.com', '', '', '1234', 'India', 'sheik', '32323232', 'company', 'active', 'sheik2@gmail.com', '827ccb0eea8a706c4c34a16891f84e7b', '2018-07-12 16:25:18');

-- --------------------------------------------------------

--
-- Table structure for table `jh_countries`
--

CREATE TABLE `jh_countries` (
  `country_id` int(11) NOT NULL,
  `country_code` varchar(2) NOT NULL DEFAULT '',
  `country_name` varchar(100) NOT NULL DEFAULT ''
) ENGINE=MyISAM DEFAULT CHARSET=utf8;

--
-- Dumping data for table `jh_countries`
--

INSERT INTO `jh_countries` (`country_id`, `country_code`, `country_name`) VALUES
(1, 'AF', 'Afghanistan'),
(2, 'AL', 'Albania'),
(3, 'DZ', 'Algeria'),
(4, 'DS', 'American Samoa'),
(5, 'AD', 'Andorra'),
(6, 'AO', 'Angola'),
(7, 'AI', 'Anguilla'),
(8, 'AQ', 'Antarctica'),
(9, 'AG', 'Antigua and Barbuda'),
(10, 'AR', 'Argentina'),
(11, 'AM', 'Armenia'),
(12, 'AW', 'Aruba'),
(13, 'AU', 'Australia'),
(14, 'AT', 'Austria'),
(15, 'AZ', 'Azerbaijan'),
(16, 'BS', 'Bahamas'),
(17, 'BH', 'Bahrain'),
(18, 'BD', 'Bangladesh'),
(19, 'BB', 'Barbados'),
(20, 'BY', 'Belarus'),
(21, 'BE', 'Belgium'),
(22, 'BZ', 'Belize'),
(23, 'BJ', 'Benin'),
(24, 'BM', 'Bermuda'),
(25, 'BT', 'Bhutan'),
(26, 'BO', 'Bolivia'),
(27, 'BA', 'Bosnia and Herzegovina'),
(28, 'BW', 'Botswana'),
(29, 'BV', 'Bouvet Island'),
(30, 'BR', 'Brazil'),
(31, 'IO', 'British Indian Ocean Territory'),
(32, 'BN', 'Brunei Darussalam'),
(33, 'BG', 'Bulgaria'),
(34, 'BF', 'Burkina Faso'),
(35, 'BI', 'Burundi'),
(36, 'KH', 'Cambodia'),
(37, 'CM', 'Cameroon'),
(38, 'CA', 'Canada'),
(39, 'CV', 'Cape Verde'),
(40, 'KY', 'Cayman Islands'),
(41, 'CF', 'Central African Republic'),
(42, 'TD', 'Chad'),
(43, 'CL', 'Chile'),
(44, 'CN', 'China'),
(45, 'CX', 'Christmas Island'),
(46, 'CC', 'Cocos (Keeling) Islands'),
(47, 'CO', 'Colombia'),
(48, 'KM', 'Comoros'),
(49, 'CG', 'Congo'),
(50, 'CK', 'Cook Islands'),
(51, 'CR', 'Costa Rica'),
(52, 'HR', 'Croatia (Hrvatska)'),
(53, 'CU', 'Cuba'),
(54, 'CY', 'Cyprus'),
(55, 'CZ', 'Czech Republic'),
(56, 'DK', 'Denmark'),
(57, 'DJ', 'Djibouti'),
(58, 'DM', 'Dominica'),
(59, 'DO', 'Dominican Republic'),
(60, 'TP', 'East Timor'),
(61, 'EC', 'Ecuador'),
(62, 'EG', 'Egypt'),
(63, 'SV', 'El Salvador'),
(64, 'GQ', 'Equatorial Guinea'),
(65, 'ER', 'Eritrea'),
(66, 'EE', 'Estonia'),
(67, 'ET', 'Ethiopia'),
(68, 'FK', 'Falkland Islands (Malvinas)'),
(69, 'FO', 'Faroe Islands'),
(70, 'FJ', 'Fiji'),
(71, 'FI', 'Finland'),
(72, 'FR', 'France'),
(73, 'FX', 'France, Metropolitan'),
(74, 'GF', 'French Guiana'),
(75, 'PF', 'French Polynesia'),
(76, 'TF', 'French Southern Territories'),
(77, 'GA', 'Gabon'),
(78, 'GM', 'Gambia'),
(79, 'GE', 'Georgia'),
(80, 'DE', 'Germany'),
(81, 'GH', 'Ghana'),
(82, 'GI', 'Gibraltar'),
(83, 'GK', 'Guernsey'),
(84, 'GR', 'Greece'),
(85, 'GL', 'Greenland'),
(86, 'GD', 'Grenada'),
(87, 'GP', 'Guadeloupe'),
(88, 'GU', 'Guam'),
(89, 'GT', 'Guatemala'),
(90, 'GN', 'Guinea'),
(91, 'GW', 'Guinea-Bissau'),
(92, 'GY', 'Guyana'),
(93, 'HT', 'Haiti'),
(94, 'HM', 'Heard and Mc Donald Islands'),
(95, 'HN', 'Honduras'),
(96, 'HK', 'Hong Kong'),
(97, 'HU', 'Hungary'),
(98, 'IS', 'Iceland'),
(99, 'IN', 'India'),
(100, 'IM', 'Isle of Man'),
(101, 'ID', 'Indonesia'),
(102, 'IR', 'Iran (Islamic Republic of)'),
(103, 'IQ', 'Iraq'),
(104, 'IE', 'Ireland'),
(105, 'IL', 'Israel'),
(106, 'IT', 'Italy'),
(107, 'CI', 'Ivory Coast'),
(108, 'JE', 'Jersey'),
(109, 'JM', 'Jamaica'),
(110, 'JP', 'Japan'),
(111, 'JO', 'Jordan'),
(112, 'KZ', 'Kazakhstan'),
(113, 'KE', 'Kenya'),
(114, 'KI', 'Kiribati'),
(115, 'KP', 'Korea, Democratic People\'s Republic of'),
(116, 'KR', 'Korea, Republic of'),
(117, 'XK', 'Kosovo'),
(118, 'KW', 'Kuwait'),
(119, 'KG', 'Kyrgyzstan'),
(120, 'LA', 'Lao People\'s Democratic Republic'),
(121, 'LV', 'Latvia'),
(122, 'LB', 'Lebanon'),
(123, 'LS', 'Lesotho'),
(124, 'LR', 'Liberia'),
(125, 'LY', 'Libyan Arab Jamahiriya'),
(126, 'LI', 'Liechtenstein'),
(127, 'LT', 'Lithuania'),
(128, 'LU', 'Luxembourg'),
(129, 'MO', 'Macau'),
(130, 'MK', 'Macedonia'),
(131, 'MG', 'Madagascar'),
(132, 'MW', 'Malawi'),
(133, 'MY', 'Malaysia'),
(134, 'MV', 'Maldives'),
(135, 'ML', 'Mali'),
(136, 'MT', 'Malta'),
(137, 'MH', 'Marshall Islands'),
(138, 'MQ', 'Martinique'),
(139, 'MR', 'Mauritania'),
(140, 'MU', 'Mauritius'),
(141, 'TY', 'Mayotte'),
(142, 'MX', 'Mexico'),
(143, 'FM', 'Micronesia, Federated States of'),
(144, 'MD', 'Moldova, Republic of'),
(145, 'MC', 'Monaco'),
(146, 'MN', 'Mongolia'),
(147, 'ME', 'Montenegro'),
(148, 'MS', 'Montserrat'),
(149, 'MA', 'Morocco'),
(150, 'MZ', 'Mozambique'),
(151, 'MM', 'Myanmar'),
(152, 'NA', 'Namibia'),
(153, 'NR', 'Nauru'),
(154, 'NP', 'Nepal'),
(155, 'NL', 'Netherlands'),
(156, 'AN', 'Netherlands Antilles'),
(157, 'NC', 'New Caledonia'),
(158, 'NZ', 'New Zealand'),
(159, 'NI', 'Nicaragua'),
(160, 'NE', 'Niger'),
(161, 'NG', 'Nigeria'),
(162, 'NU', 'Niue'),
(163, 'NF', 'Norfolk Island'),
(164, 'MP', 'Northern Mariana Islands'),
(165, 'NO', 'Norway'),
(166, 'OM', 'Oman'),
(167, 'PK', 'Pakistan'),
(168, 'PW', 'Palau'),
(169, 'PS', 'Palestine'),
(170, 'PA', 'Panama'),
(171, 'PG', 'Papua New Guinea'),
(172, 'PY', 'Paraguay'),
(173, 'PE', 'Peru'),
(174, 'PH', 'Philippines'),
(175, 'PN', 'Pitcairn'),
(176, 'PL', 'Poland'),
(177, 'PT', 'Portugal'),
(178, 'PR', 'Puerto Rico'),
(179, 'QA', 'Qatar'),
(180, 'RE', 'Reunion'),
(181, 'RO', 'Romania'),
(182, 'RU', 'Russian Federation'),
(183, 'RW', 'Rwanda'),
(184, 'KN', 'Saint Kitts and Nevis'),
(185, 'LC', 'Saint Lucia'),
(186, 'VC', 'Saint Vincent and the Grenadines'),
(187, 'WS', 'Samoa'),
(188, 'SM', 'San Marino'),
(189, 'ST', 'Sao Tome and Principe'),
(190, 'SA', 'Saudi Arabia'),
(191, 'SN', 'Senegal'),
(192, 'RS', 'Serbia'),
(193, 'SC', 'Seychelles'),
(194, 'SL', 'Sierra Leone'),
(195, 'SG', 'Singapore'),
(196, 'SK', 'Slovakia'),
(197, 'SI', 'Slovenia'),
(198, 'SB', 'Solomon Islands'),
(199, 'SO', 'Somalia'),
(200, 'ZA', 'South Africa'),
(201, 'GS', 'South Georgia South Sandwich Islands'),
(202, 'ES', 'Spain'),
(203, 'LK', 'Sri Lanka'),
(204, 'SH', 'St. Helena'),
(205, 'PM', 'St. Pierre and Miquelon'),
(206, 'SD', 'Sudan'),
(207, 'SR', 'Suriname'),
(208, 'SJ', 'Svalbard and Jan Mayen Islands'),
(209, 'SZ', 'Swaziland'),
(210, 'SE', 'Sweden'),
(211, 'CH', 'Switzerland'),
(212, 'SY', 'Syrian Arab Republic'),
(213, 'TW', 'Taiwan'),
(214, 'TJ', 'Tajikistan'),
(215, 'TZ', 'Tanzania, United Republic of'),
(216, 'TH', 'Thailand'),
(217, 'TG', 'Togo'),
(218, 'TK', 'Tokelau'),
(219, 'TO', 'Tonga'),
(220, 'TT', 'Trinidad and Tobago'),
(221, 'TN', 'Tunisia'),
(222, 'TR', 'Turkey'),
(223, 'TM', 'Turkmenistan'),
(224, 'TC', 'Turks and Caicos Islands'),
(225, 'TV', 'Tuvalu'),
(226, 'UG', 'Uganda'),
(227, 'UA', 'Ukraine'),
(228, 'AE', 'United Arab Emirates'),
(229, 'GB', 'United Kingdom'),
(230, 'US', 'United States'),
(231, 'UM', 'United States minor outlying islands'),
(232, 'UY', 'Uruguay'),
(233, 'UZ', 'Uzbekistan'),
(234, 'VU', 'Vanuatu'),
(235, 'VA', 'Vatican City State'),
(236, 'VE', 'Venezuela'),
(237, 'VN', 'Vietnam'),
(238, 'VG', 'Virgin Islands (British)'),
(239, 'VI', 'Virgin Islands (U.S.)'),
(240, 'WF', 'Wallis and Futuna Islands'),
(241, 'EH', 'Western Sahara'),
(242, 'YE', 'Yemen'),
(243, 'ZR', 'Zaire'),
(244, 'ZM', 'Zambia'),
(245, 'ZW', 'Zimbabwe');

-- --------------------------------------------------------

--
-- Table structure for table `jh_domains`
--

CREATE TABLE `jh_domains` (
  `domain_id` int(11) NOT NULL,
  `domains` varchar(34) DEFAULT NULL
) ENGINE=InnoDB DEFAULT CHARSET=utf8;

--
-- Dumping data for table `jh_domains`
--

INSERT INTO `jh_domains` (`domain_id`, `domains`) VALUES
(3, 'Advertising'),
(4, 'Airline'),
(5, 'Automotive'),
(6, 'Banking'),
(7, 'Casinos'),
(8, 'Consumer'),
(9, 'Cruise Lines'),
(10, 'Construction'),
(11, 'Dairy'),
(12, 'Defense'),
(13, 'Education'),
(14, 'Electronics'),
(15, 'Energy'),
(16, 'Engineering'),
(17, 'Farming'),
(18, 'Fast-Moving Consumer Goods (FMCG)'),
(19, 'Financial (Finance)'),
(20, 'FinTech'),
(21, 'Food and beverage'),
(22, 'Government - federal, state, local'),
(23, 'Healthcare'),
(24, 'Human Resource'),
(25, 'Insurance'),
(26, 'IT'),
(27, 'Jewelry'),
(28, 'Legal'),
(29, 'Logistics'),
(30, 'Manufacturing'),
(31, 'Media'),
(32, 'Mining'),
(33, 'Not-for-Profit'),
(34, 'Oil and Gas'),
(35, 'Online'),
(36, 'Pharmaceutical'),
(37, 'Real estate'),
(38, 'Religion'),
(39, 'Retail'),
(40, 'Technology'),
(41, 'Telecommunications'),
(42, 'Textiles'),
(43, 'Transportation (Travel)');

-- --------------------------------------------------------

--
-- Table structure for table `jh_gender`
--

CREATE TABLE `jh_gender` (
  `gender_id` int(11) NOT NULL,
  `gender` varchar(34) DEFAULT NULL
) ENGINE=InnoDB DEFAULT CHARSET=utf8;

--
-- Dumping data for table `jh_gender`
--

INSERT INTO `jh_gender` (`gender_id`, `gender`) VALUES
(1, 'Male'),
(2, 'Female');

-- --------------------------------------------------------

--
-- Table structure for table `jh_job_applied`
--

CREATE TABLE `jh_job_applied` (
  `aid` int(11) NOT NULL,
  `user_id` int(11) NOT NULL,
  `applied_job_id` int(11) NOT NULL,
  `comp_id` int(11) NOT NULL,
  `job_status` varchar(30) NOT NULL,
  `applied_date` datetime NOT NULL
) ENGINE=InnoDB DEFAULT CHARSET=latin1;

--
-- Dumping data for table `jh_job_applied`
--

INSERT INTO `jh_job_applied` (`aid`, `user_id`, `applied_job_id`, `comp_id`, `job_status`, `applied_date`) VALUES
(1, 116, 1, 13, 'Candidate Interested', '2018-04-17 11:23:27'),
(2, 116, 1, 13, 'Company Interested', '2018-04-17 14:12:56'),
(3, 147, 0, 17, 'Company Interested', '2018-05-07 16:39:15'),
(4, 147, 0, 17, 'Company not interested', '2018-05-07 17:54:10'),
(5, 148, 0, 17, 'Company Interested', '2018-05-07 17:57:44'),
(6, 116, 0, 19, 'Company not interested', '2018-05-09 17:50:11'),
(7, 116, 0, 19, 'Candidate Interested', '2018-05-09 17:50:18'),
(8, 156, 0, 19, 'Company Interested', '2018-05-09 17:53:06'),
(9, 130, 0, 20, 'Identified', '2018-05-10 14:42:04'),
(10, 156, 0, 19, 'Company not interested', '2018-05-10 17:38:09'),
(11, 149, 15, 17, 'Candidate Interested', '2018-05-16 17:41:19'),
(12, 169, 0, 24, 'Company Interested', '2018-05-30 03:01:39'),
(13, 116, 17, 29, 'Candidate Interested', '2018-06-10 12:53:50'),
(14, 116, 17, 29, 'Company Interested', '2018-06-10 12:54:08'),
(15, 148, 19, 30, 'Company not interested', '2018-06-24 13:56:47'),
(16, 148, 19, 30, 'Company not interested', '2018-06-24 13:57:32'),
(17, 168, 20, 30, 'Company Interested', '2018-06-24 14:03:40');

-- --------------------------------------------------------

--
-- Table structure for table `jh_job_posting`
--

CREATE TABLE `jh_job_posting` (
  `job_id` int(11) NOT NULL,
  `Job_code` text NOT NULL,
  `job_role` varchar(150) NOT NULL,
  `job_type` int(10) NOT NULL,
  `min_exp` varchar(10) NOT NULL,
  `max_exp` varchar(10) NOT NULL,
  `primary_skill` text NOT NULL,
  `skills` text NOT NULL,
  `skill1` text NOT NULL,
  `skill2` text NOT NULL,
  `skill3` text NOT NULL,
  `skill4` text NOT NULL,
  `skill5` text NOT NULL,
  `job_description` text NOT NULL,
  `preferred_location` text NOT NULL,
  `no_positions` varchar(10) NOT NULL,
  `duration` varchar(10) NOT NULL,
  `salary_lakhs` varchar(12) NOT NULL,
  `salary_thousands` varchar(30) NOT NULL,
  `company_id` int(11) NOT NULL,
  `status` varchar(11) NOT NULL,
  `open_date_time` varchar(20) NOT NULL,
  `close_date_time` varchar(50) DEFAULT NULL
) ENGINE=InnoDB DEFAULT CHARSET=latin1;

--
-- Dumping data for table `jh_job_posting`
--

INSERT INTO `jh_job_posting` (`job_id`, `Job_code`, `job_role`, `job_type`, `min_exp`, `max_exp`, `primary_skill`, `skills`, `skill1`, `skill2`, `skill3`, `skill4`, `skill5`, `job_description`, `preferred_location`, `no_positions`, `duration`, `salary_lakhs`, `salary_thousands`, `company_id`, `status`, `open_date_time`, `close_date_time`) VALUES
(1, 'APR2018JAVA', 'Java Developer', 1, '3', '5', '{"1218":"Intermediate"}', 'null', '{"1164":"Intermediate"}', '{"999":"basic"}', '{"1280":"Intermediate"}', '{"991":"Intermediate"}', '{"422":"Intermediate"}', 'Should have worked on Backend with Node JS\r\nAtleast 3 years of work experience on Node JS\r\nStrong in Coding\r\nExcellent Communication', '["Thiruvananthapuram","Chennai"]', '4', '1 Year', '9', '', 13, 'Open', '17/04/2018', '30/04/2018'),
(2, 'MAY2018PHP', 'PHP Developer', 1, '4', '6', '{"1009":"fresher"}', 'null', '{"":"fresher"}', '{"":"fresher"}', '{"":"fresher"}', '{"":"fresher"}', '{"":"fresher"}', 'PHP Developer', '["Chennai"]', '2', '1 year', '5', '', 13, 'Open', '20/04/2018', '09/05/2018'),
(3, 'ada', 'asd', 1, '3', '2', '{"1041":"fresher"}', 'null', '{"":"fresher"}', '{"":"fresher"}', '{"":"fresher"}', '{"":"fresher"}', '{"":"fresher"}', 'sad', '["Abhayapuri"]', '41', '1', '11', '', 13, 'Open', '20/04/2018', '30/04/2018'),
(4, '123456', 'qq', 1, '1', '1', '{"576":"fresher"}', 'null', '{"":"fresher"}', '{"":"fresher"}', '{"":"fresher"}', '{"":"fresher"}', '{"":"fresher"}', 'asa', '["Abhayapuri"]', '41', '1 year', '11', '', 13, 'Open', '20/04/2018', '30/04/2018'),
(5, 'asd', 'PHP Developer', 1, '3', '3', '{"1041":"fresher"}', 'null', '{"":"fresher"}', '{"":"fresher"}', '{"":"fresher"}', '{"":"fresher"}', '{"":"fresher"}', 'asda', '["Abhayapuri"]', '41', '1', '11', '', 13, 'Open', '20/04/2018', '30/04/2018'),
(6, 'sdf', 'PHP Developer', 1, '2', '2', '{"576":"fresher"}', 'null', '{"":"fresher"}', '{"":"fresher"}', '{"":"fresher"}', '{"":"fresher"}', '{"":"fresher"}', 'ssf', '["Abhayapuri"]', '1', '1 year', '11', '', 13, 'Open', '20/04/2018', '30/04/2018'),
(7, 'asda', '1', 1, '1', '1', '{"1041":"fresher"}', 'null', '{"":"fresher"}', '{"":"fresher"}', '{"":"fresher"}', '{"":"fresher"}', '{"":"fresher"}', 'tewst', '["Chennai"]', '11', '1', '11', '', 13, 'Open', '02/05/2018', '31/05/2018'),
(8, '123456', 'Project Manager', 1, '1', '3', '{"1041":"fresher"}', 'null', '{"":"fresher"}', '{"":"fresher"}', '{"":"fresher"}', '{"":"fresher"}', '{"":"fresher"}', 'sad', '["Chennai"]', '10', '1', '11', '', 13, 'Draft', '03/05/2018', '29/05/2018'),
(9, 'macnus123', 'java developer', 3, '9', '15', '{"1015":"Advanced"}', 'null', '{"1041":"basic"}', '{"646":"Intermediate"}', '{"":"fresher"}', '{"":"fresher"}', '{"":"fresher"}', 'Dummy text is text that is used in the publishing industry or by web designers to occupy the space which will later be filled with \'real\' content. This is required when, for example, the final text is not yet available. Dummy text is also known as \'fill text\'. It is said that song composers of the past used dummy texts as lyrics when .', '["Madurai","Karaikudi"]', '20', '12', '23', '', 17, 'Open', '06/05/2018', '31/05/2018'),
(10, 'mac2345', '.net developer', 3, '2', '15', '{"1041":"basic"}', 'null', '{"644":"Intermediate"}', '{"646":"Intermediate"}', '{"":"fresher"}', '{"":"fresher"}', '{"":"fresher"}', 'Dummy text is text that is used in the publishing industry or by web designers to occupy the space which will later be filled with \'real\' content. This is required when, for example, the final text is not yet available. Dummy text is also known as \'fill text\'. It is said that song composers of the past used dummy texts as lyrics when .', '["Madurai","Tandur","Abhayapuri","Achhnera"]', '12', '10', '20', '', 17, 'Open', '06/05/2018', '31/05/2018'),
(11, 'macnus12345', 'bigdata testing', 3, '10', '15', '{"846":"Intermediate"}', 'null', '{"644":"Intermediate"}', '{"646":"Intermediate"}', '{"":"fresher"}', '{"":"fresher"}', '{"":"fresher"}', 'Dummy text is text that is used in the publishing industry or by web designers to occupy the space which will later be filled with \'real\' content. This is required when, for example, the final text is not yet available. Dummy text is also known as \'fill text\'. It is said that song composers of the past used dummy texts as lyrics when ..', '["Karaikudi","Chennai","Pondicherry","Bangalore"]', '12', '12', '19', '', 17, 'Open', '06/05/2018', '31/05/2018'),
(12, 'mac00001', 'android developer', 3, '6', '10', '{"713":"fresher"}', 'null', '{"1335":"Intermediate"}', '{"1041":"basic"}', '{"":"fresher"}', '{"":"fresher"}', '{"":"fresher"}', 'Dummy text is text that is used in the publishing industry or by web designers to occupy the space which will later be filled with \'real\' content. This is required when, for example, the final text is not yet available. Dummy text is also known as \'fill text\'. It is said that song composers of the past used dummy texts as lyrics when ..', '["Karaikal","Bangalore"]', '12', '1year', '18', '', 17, 'Open', '06/05/2018', '08/06/2018'),
(13, 'mac010217', 'big data visualization', 3, '8', '15', '{"1078":"fresher"}', 'null', '{"1041":"Intermediate"}', '{"1009":"Advanced"}', '{"":"fresher"}', '{"":"fresher"}', '{"":"fresher"}', 'Dummy text is text that is used in the publishing industry or by web designers to occupy the space which will later be filled with \'real\' content. This is required when, for example, the final text is not yet available. Dummy text is also known as \'fill text\'. It is said that song composers of the past used dummy texts as lyrics when', '["Kolhapur","Kolkata","Coimbatore","Bangalore"]', '10', '3 yr', '20', '', 19, 'Open', '09/05/2018', '08/06/2018'),
(14, '1', 'Software Developer', 1, '3', '8', '{"1218":"fresher"}', 'null', '{"":"fresher"}', '{"":"fresher"}', '{"":"fresher"}', '{"":"fresher"}', '{"":"fresher"}', 'java resource', '["Thiruvananthapuram"]', '1', 's', '7.8', '', 20, 'Draft', '10/05/2018', '28/05/2018'),
(15, 'macnus201844937', 'big data', 1, '2', '8', '{"846":"Advanced"}', 'null', '{"":"fresher"}', '{"576":"Intermediate"}', '{"576":"Intermediate"}', '{"1130":"Advanced"}', '{"1130":"Advanced"}', 'eeeeeeeeeeeeeeeeeeeeeeeeeeeeeeeeeeeeeeeeeeeeeeeeeeeeeeeeeeeeeeeeeeeeeeeeeeeeeeeeeeeeeeeeeeeeeeeeerrrrrrrrrrrrrrrrrrrrrrrrrrrrrrrrrrrrrrrrrrrrrrrrr', '["Achabbal","Adari","Abhayapuri","Achhnera","Adoni","Adoor"]', '20', '12', '26', '', 17, 'Open', '16/05/2018', '2018-06-03'),
(16, 'sif3471', 'java developer', 1, '2', '4', '{"1218":"Intermediate"}', 'null', '{"1041":"Intermediate"}', '{"998":"basic"}', '{"":"fresher"}', '{"":"fresher"}', '{"":"fresher"}', 'dummy text', '["Madurai","Chennai"]', '25', '', '15', '', 24, 'Open', '23/05/2018', '2018-05-31'),
(17, 'Rah9495', 'DB Architect', 1, '7', '15', '{"1186":"Advanced"}', 'null', '{"40":"Intermediate"}', '{"32":"Intermediate"}', '{"53":"fresher"}', '{"":"fresher"}', '{"":"fresher"}', 'SQL Server Architect with experience in SSRS, SSIS and Powe BI.', '["Thiruvananthapuram"]', '1', '', '12', '', 29, 'Draft', '10/06/2018', '2018-06-13'),
(18, 'Jit5939', 'Senior Software Engineer', 2, '3', '8', '{"1009":"Advanced"}', 'null', '{"":"fresher"}', '{"":"fresher"}', '{"":"fresher"}', '{"":"fresher"}', '{"":"fresher"}', 'Php programer who can lead a team', '["Thiruvananthapuram"]', '1', '6', '12', '', 30, 'Draft', '24/06/2018', '2018-06-26'),
(19, 'Jit7383', 'Senior Software Engineer', 2, '5', '4', '{"1041":"Advanced"}', 'null', '{"":"fresher"}', '{"":"fresher"}', '{"":"fresher"}', '{"":"fresher"}', '{"":"fresher"}', '.net developer', '["Kochi"]', '1', '3', '12', '', 30, 'Open', '24/06/2018', '2018-06-26'),
(20, 'Jit7412', 'Ui developer', 3, '3', '7', '{"1182":"Intermediate"}', 'null', '{"":"fresher"}', '{"":"fresher"}', '{"":"fresher"}', '{"":"fresher"}', '{"":"fresher"}', 'Ui', '["Thiruvananthapuram"]', '1', '8', '12', '', 30, 'Open', '24/06/2018', '2018-06-26'),
(21, 'yan7301', 'PHP Developer', 3, '1', '2', '{"1009":"Fresher"}', '', '{"":"Basic"}', '{"":"Basic"}', '{"":"Basic"}', '{"":"Basic"}', '{"":"Fresher"}', 'PHP Developer"', '["Chennai"]', '2', '12', '2', '', 42, 'Open', '12/07/2018', '2018-07-15');

-- --------------------------------------------------------

--
-- Table structure for table `jh_job_posting-old`
--

CREATE TABLE `jh_job_posting-old` (
  `job_id` int(11) NOT NULL,
  `Job_code` varchar(200) NOT NULL,
  `role` varchar(150) NOT NULL,
  `min_exp` varchar(10) NOT NULL,
  `max_exp` varchar(10) NOT NULL,
  `primary_skill` text NOT NULL,
  `skills` text NOT NULL,
  `skill1` text NOT NULL,
  `skill2` text NOT NULL,
  `skill3` text NOT NULL,
  `skill4` text NOT NULL,
  `skill5` text NOT NULL,
  `job_description` text NOT NULL,
  `preferred_location` text NOT NULL,
  `no_positions` varchar(10) NOT NULL,
  `duration` varchar(10) NOT NULL,
  `salary_lakhs` varchar(12) NOT NULL,
  `salary_thousands` varchar(30) NOT NULL,
  `company_id` int(11) NOT NULL,
  `status` varchar(11) NOT NULL,
  `date_time` datetime NOT NULL DEFAULT CURRENT_TIMESTAMP
) ENGINE=InnoDB DEFAULT CHARSET=latin1;

--
-- Dumping data for table `jh_job_posting-old`
--

INSERT INTO `jh_job_posting-old` (`job_id`, `Job_code`, `role`, `min_exp`, `max_exp`, `primary_skill`, `skills`, `skill1`, `skill2`, `skill3`, `skill4`, `skill5`, `job_description`, `preferred_location`, `no_positions`, `duration`, `salary_lakhs`, `salary_thousands`, `company_id`, `status`, `date_time`) VALUES
(4, '', 'PHP Programmer', '10', '', '', '{"PHP":"Beginners","Juery":"Experts"}', '', '0', '0', '0', '0', 'Lorem Ipsum is simply dummy text of the printing and typesetting industry. Lorem Ipsum has been the industry\'s standard dummy text ever since the 1500s, when an unknown printer took a galley of type and scrambled it to make a type specimen book. It has survived not only five centuries, but also the leap into electronic typesetting, remaining essentially unchanged. It was popularised in the 1960s with the release of Letraset sheets containing Lorem Ipsum passages, and more recently with desktop publishing software like Aldus PageMaker including versions of Lorem Ipsum.', '["Trivandrum"]', '1', '1 day', '1', '5', 13, '', '2018-01-07 12:38:08'),
(5, '', 'Project Manager', '12', '', '', '{"Project Management":"Basic"}', '', '0', '0', '0', '0', 'testingLorem Ipsum is simply dummy text of the printing and typesetting industry. Lorem Ipsum has been the industry\'s standard dummy text ever since the 1500s, when an unknown printer took a galley of type and scrambled it to make a type specimen book. It has survived not only five centuries, but also the leap into electronic typesetting, remaining essentially unchanged. It was popularised in the 1960s with the release of Letraset sheets containing Lorem Ipsum passages, and more recently with desktop publishing software like Aldus PageMaker including versions of Lorem Ipsum.', '["Madurai"]', '2', '2 days', '4', '5', 13, 'active', '2018-01-14 09:26:39'),
(6, '', 'Node Js', '2', '', '', '{"node js":"Basic","Javascript":"Basic","Html":"Basic"}', '', '0', '0', '0', '0', 'Lorem Ipsum is simply dummy text of the printing and typesetting industry. Lorem Ipsum has been the industry\'s standard dummy text ever since the 1500s, when an unknown printer took a galley of type and scrambled it to make a type specimen book. It has survived not only five centuries, but also the leap into electronic typesetting, remaining essentially unchanged. It was popularised in the 1960s with the release of Letraset sheets containing Lorem Ipsum passages, and more recently with desktop publishing software like Aldus PageMaker including versions of Lorem Ipsum.', '["Trivandrum","Chennai"]', '12', '1 day', '1', '5', 13, 'active', '2018-01-14 17:40:11');

-- --------------------------------------------------------

--
-- Table structure for table `jh_job_type`
--

CREATE TABLE `jh_job_type` (
  `job_type_id` int(11) NOT NULL,
  `job_type` varchar(34) DEFAULT NULL
) ENGINE=InnoDB DEFAULT CHARSET=utf8;

--
-- Dumping data for table `jh_job_type`
--

INSERT INTO `jh_job_type` (`job_type_id`, `job_type`) VALUES
(1, 'Permanent'),
(2, 'Short Term'),
(3, 'Short Term or Permanent');

-- --------------------------------------------------------

--
-- Table structure for table `jh_location`
--

CREATE TABLE `jh_location` (
  `id` int(15) NOT NULL,
  `location` varchar(300) NOT NULL,
  `date_time` datetime(6) NOT NULL
) ENGINE=InnoDB DEFAULT CHARSET=latin1;

--
-- Dumping data for table `jh_location`
--

INSERT INTO `jh_location` (`id`, `location`, `date_time`) VALUES
(39, 'chennai', '2018-02-27 00:00:00.000000'),
(41, 'madurai4444', '0000-00-00 00:00:00.000000'),
(45, 'Trivandrm', '0000-00-00 00:00:00.000000'),
(46, 'test', '0000-00-00 00:00:00.000000'),
(49, 'jhdkgujeriyu', '2018-02-07 18:07:04.000000'),
(51, 'sheiktesting121', '2018-02-08 16:13:16.000000');

-- --------------------------------------------------------

--
-- Table structure for table `jh_offer_letter`
--

CREATE TABLE `jh_offer_letter` (
  `offer_id` int(10) NOT NULL,
  `user_id` int(20) NOT NULL,
  `company_name` varchar(300) NOT NULL,
  `company_address` varchar(100) NOT NULL,
  `hiring_manager_name` varchar(100) NOT NULL,
  `hiring_manager_number` varchar(100) NOT NULL,
  `joining_location` text NOT NULL,
  `start_date` varchar(100) NOT NULL,
  `duration` varchar(10) NOT NULL,
  `role` varchar(100) NOT NULL,
  `annual_ctc` varchar(100) NOT NULL,
  `posted_job_id` int(20) NOT NULL,
  `company_id` int(20) NOT NULL
) ENGINE=InnoDB DEFAULT CHARSET=latin1;

--
-- Dumping data for table `jh_offer_letter`
--

INSERT INTO `jh_offer_letter` (`offer_id`, `user_id`, `company_name`, `company_address`, `hiring_manager_name`, `hiring_manager_number`, `joining_location`, `start_date`, `duration`, `role`, `annual_ctc`, `posted_job_id`, `company_id`) VALUES
(2, 116, 'Yanbytes', '', '', '', 'Trivandrum', '14.14.12', '1 year', 'SSA', '10', 4, 13),
(3, 116, 'Yanbytes', '', '', '', 'Trivandrum', '1.23.2410', '5 Years', 'Project Manager / Senior Developer', '15.2', 45, 13),
(4, 116, 'Yanbytes', '', '', '', 'Trivandrum', '14.14.12', '1 Years', 'Project Manager', '14', 1, 13);

-- --------------------------------------------------------

--
-- Table structure for table `jh_proficiency`
--

CREATE TABLE `jh_proficiency` (
  `proficiency_id` int(11) NOT NULL,
  `proficiency` varchar(34) DEFAULT NULL
) ENGINE=InnoDB DEFAULT CHARSET=utf8;

--
-- Dumping data for table `jh_proficiency`
--

INSERT INTO `jh_proficiency` (`proficiency_id`, `proficiency`) VALUES
(1, 'Advanced'),
(2, 'Intermediate'),
(3, 'Basic'),
(4, 'Fresher');

-- --------------------------------------------------------

--
-- Table structure for table `jh_registration`
--

CREATE TABLE `jh_registration` (
  `id` int(11) NOT NULL,
  `first_name` varchar(100) NOT NULL,
  `last_name` varchar(100) NOT NULL,
  `email` varchar(100) NOT NULL,
  `password` varchar(100) NOT NULL,
  `role` varchar(25) NOT NULL,
  `pan_card` varchar(20) NOT NULL,
  `status` varchar(25) NOT NULL,
  `date_time` datetime NOT NULL DEFAULT CURRENT_TIMESTAMP
) ENGINE=InnoDB DEFAULT CHARSET=latin1;

--
-- Dumping data for table `jh_registration`
--

INSERT INTO `jh_registration` (`id`, `first_name`, `last_name`, `email`, `password`, `role`, `pan_card`, `status`, `date_time`) VALUES
(127, 'asdas', '', 'a@asd.com', '202cb962ac59075b964b07152d234b70', 'candidate', '21sad12', 'active', '2018-03-16 11:23:53'),
(118, 'admin', 'admin', 'admin@admin.com', '21232f297a57a5a743894a0e4a801fc3', 'admin', '', 'active', '2018-01-04 14:59:40'),
(187, 'dsadasd', '', 'asd1@sad.com', '827ccb0eea8a706c4c34a16891f84e7b', 'candidate', 'asdasd', 'inactive', '2018-07-12 14:41:25'),
(188, 'asdasd', '', 'asd@as.com', '827ccb0eea8a706c4c34a16891f84e7b', 'candidate', 'asdad', 'inactive', '2018-07-12 14:42:26'),
(120, 'asdas', 'asdasd', 'asd@asd.com', '202cb962ac59075b964b07152d234b70', 'candidate', '', 'active', '2018-01-05 15:16:49'),
(192, 'asdaasd', '', 'asd@gmail.com', '827ccb0eea8a706c4c34a16891f84e7b', 'candidate', 'asdad', 'inactive', '2018-07-12 14:59:33'),
(186, 'dsadasd', '', 'asd@sad.com', '827ccb0eea8a706c4c34a16891f84e7b', 'candidate', 'asdasd', 'inactive', '2018-07-12 14:38:46'),
(146, 'Atharv', '', 'atharv@sree.com', 'c078c4a34d3a383671a21ddc0f5c06ce', 'candidate', 'baz4828E', 'active', '2018-04-14 09:40:27'),
(184, 'Biju', '', 'bijusadasivan.nair@gmail.com', 'e10adc3949ba59abbe56e057f20f883e', 'candidate', 'Axnpg98dfc', 'active', '2018-06-24 13:29:39'),
(116, 'candidate', 'Candidate', 'candidate@gmail.com', '65afdfb40872c44eb6118b669b0d751e', 'candidate', '', 'active', '2018-01-04 14:59:40'),
(182, 'Cherry', '', 'cherry@zyx.in', 'c7a4476fc64b75ead800da9ea2b7d072', 'candidate', 'Wont-give-it', 'active', '2018-06-13 21:48:36'),
(189, 'qq', '', 'dsf@asd.com', '827ccb0eea8a706c4c34a16891f84e7b', 'candidate', 'sdfs', 'inactive', '2018-07-12 14:43:24'),
(183, 'legiesh', '', 'legiesh@gmail.com', 'ae2b1fca515949e5d54fb22b8ed95575', 'candidate', 'poda', 'active', '2018-06-23 16:57:01'),
(173, 'R', '', 'roy.paul.a3@gmail.com', '827ccb0eea8a706c4c34a16891f84e7b', 'candidate', 'Abcdrfg', 'active', '2018-05-27 13:43:23'),
(191, 'asdas', '', 'sad@gamil.com', '827ccb0eea8a706c4c34a16891f84e7b', 'candidate', 'asdasd', 'inactive', '2018-07-12 14:58:58'),
(123, 'asdas', 'asd', 'sdasd@asd.com', '698d51a19d8a121ce581499d7b701668', 'candidate', '', 'active', '2018-01-05 15:50:29'),
(122, 'df', 'sfd', 'sdf@asd.com', '698d51a19d8a121ce581499d7b701668', 'candidate', '', 'active', '2018-01-05 15:47:56'),
(190, 'sdfsdf', '', 'sdfs@asd.com', '827ccb0eea8a706c4c34a16891f84e7b', 'candidate', 'sdfsd', 'inactive', '2018-07-12 14:46:46'),
(125, 'Sheik Abdullah', '', 'sheik.abdullah@inapp.com', '202cb962ac59075b964b07152d234b70', 'candidate', '', 'active', '2018-01-24 18:54:36'),
(193, 'sheik', '', 'sheik1@gmail.com', '827ccb0eea8a706c4c34a16891f84e7b', 'candidate', 'abdullah', 'active', '2018-07-12 15:54:23'),
(168, 'Sreeji', '', 'sreeji1980@gmail.com', 'c078c4a34d3a383671a21ddc0f5c06ce', 'candidate', 'Baz4828pk', 'active', '2018-05-22 14:34:09'),
(149, 'varun', '', 'sugatest1@gmail.com', '4d351d116657da907a591661e2f18085', 'candidate', 'varun1234', 'active', '2018-05-06 17:21:02'),
(148, 'sugatest', '', 'sugatest@gmail.com', '4d351d116657da907a591661e2f18085', 'candidate', 'wert234', 'active', '2018-05-06 07:33:21'),
(169, 'sugi', '', 'sugi.suganya80@gmail.com', '4d351d116657da907a591661e2f18085', 'candidate', 'sugi021317', 'active', '2018-05-23 02:31:21'),
(141, 'shek', '', 'testing105@gmail.com', '827ccb0eea8a706c4c34a16891f84e7b', 'candidate', '1w1w', 'active', '2018-04-11 15:03:53'),
(142, 'shek', '', 'testing106@gmail.com', '', 'candidate', '1w1w', 'active', '2018-04-11 15:05:24'),
(143, 'shek', '', 'testing107@gmail.com', '827ccb0eea8a706c4c34a16891f84e7b', 'candidate', '1w1w', 'active', '2018-04-11 15:09:12'),
(144, 'shek', '', 'testing108@gmail.com', '827ccb0eea8a706c4c34a16891f84e7b', 'candidate', '1w1w', 'active', '2018-04-11 15:11:08'),
(145, 'shek', '', 'testing109@gmail.com', '76419c58730d9f35de7ac538c2fd6737', 'candidate', '1w1w', 'active', '2018-04-11 15:12:13'),
(185, 'sheik', '', 'uka.sheikabdullah1@gmail.com', '276781bbd94f7024d1fb1c7eaf75bc7a', 'candidate', '741852', 'inactive', '2018-07-12 09:57:19'),
(124, 'Sheik', 'Abdullah', 'uka.sheikabdullah@gmail.com', '276781bbd94f7024d1fb1c7eaf75bc7a', 'candidate', '', 'inactive', '2018-01-14 17:40:55'),
(177, 'Test', '', 'Urvashiagarwal2006@gmail.com', '5858ea228cc2edf88721699b2c8638e5', 'candidate', '123', 'active', '2018-05-28 15:30:43');

-- --------------------------------------------------------

--
-- Table structure for table `jh_skills`
--

CREATE TABLE `jh_skills` (
  `skill_id` int(11) NOT NULL,
  `skills` varchar(50) DEFAULT NULL,
  `skill_cate` varchar(22) DEFAULT NULL
) ENGINE=InnoDB DEFAULT CHARSET=utf8;

--
-- Dumping data for table `jh_skills`
--

INSERT INTO `jh_skills` (`skill_id`, `skills`, `skill_cate`) VALUES
(2, 'Business Analysis', 'BA'),
(3, 'Define Use Cases/User Stories/Scenarios', 'BA'),
(4, 'Prepare Scope Document', 'BA'),
(5, 'Review Test Cases', 'BA'),
(6, 'Trcaeability Matrix', 'BA'),
(7, 'Acceptance and Evaluation Criteria Definition ', 'BA'),
(8, 'Process Flow Diagram', 'BA'),
(9, 'Create User Manuals', 'BA'),
(10, 'Validate Solution', 'BA'),
(11, 'Data Mining Algorithm development', 'DW-BI'),
(12, 'Mahout', 'DW-BI'),
(13, 'R, SPSS, SAS', 'DW-BI'),
(14, 'Cluster management', 'DW-BI'),
(15, 'Cloudera Hadoop stack', 'DW-BI'),
(16, 'High velocity data processing - Storm Kafka', 'DW-BI'),
(17, 'Hortonworks Hadoop stack', 'DW-BI'),
(18, 'Impala / Stinger', 'DW-BI'),
(19, 'Talend ETL', 'DW-BI'),
(20, 'MapReduce, Hive, Pig, Oozie', 'DW-BI'),
(21, 'NOSQL Databases - Cassandra', 'DW-BI'),
(22, 'NOSQL Databases - Hbase', 'DW-BI'),
(23, 'NOSQL Databases - MongoDB', 'DW-BI'),
(24, 'D3.js', 'DW-BI'),
(25, 'Qlikview', 'DW-BI'),
(26, 'Spotfire', 'DW-BI'),
(27, 'Tableau', 'DW-BI'),
(28, 'Business Objects', 'DW-BI'),
(29, 'Cognos-Report Studio', 'DW-BI'),
(30, 'Microstrategy', 'DW-BI'),
(31, 'Mobile BI', 'DW-BI'),
(32, 'SSRS', 'DW-BI'),
(33, 'Data Governance Principles', 'DW-BI'),
(34, 'Abinitio', 'DW-BI'),
(35, 'BODI', 'DW-BI'),
(36, 'Data Stage', 'DW-BI'),
(37, 'Informatica', 'DW-BI'),
(38, 'ODI', 'DW-BI'),
(39, 'SAP DS', 'DW-BI'),
(40, 'SSIS', 'DW-BI'),
(41, 'Teradata-BTEQ', 'DW-BI'),
(42, 'Teradata-TPT', 'DW-BI'),
(43, 'IBM Optim', 'DW-BI'),
(44, 'DB2', 'DW-BI'),
(45, 'Netezza', 'DW-BI'),
(46, 'Oracle', 'DW-BI'),
(47, 'SQL Server', 'DW-BI'),
(48, 'Teradata', 'DW-BI'),
(49, 'IBM Initiate', 'DW-BI'),
(50, 'Informatica MDM', 'DW-BI'),
(51, 'Business Objects-Universe', 'DW-BI'),
(52, 'Cognos-Cube Designer', 'DW-BI'),
(53, 'SSAS', 'DW-BI'),
(54, 'Talend', 'DW-BI'),
(55, 'apigee Edge', 'Enterprise Integration'),
(56, 'IBM API Stack', 'Enterprise Integration'),
(57, 'Layer7 API Stack', 'Enterprise Integration'),
(58, 'Mule Anypoint Platform for API', 'Enterprise Integration'),
(59, 'TIBCO API Stack', 'Enterprise Integration'),
(60, 'WS02 API Stack', 'Enterprise Integration'),
(61, 'Axway B2B Integration Stack', 'Enterprise Integration'),
(62, 'IBM B2B Integration Stack', 'Enterprise Integration'),
(63, 'OpenText  B2B Integration Stack', 'Enterprise Integration'),
(64, 'Oracle B2B Integration Stack', 'Enterprise Integration'),
(65, 'TIBCO B2B Integration Stack', 'Enterprise Integration'),
(66, 'Activity BPM Stack', 'Enterprise Integration'),
(67, 'Apache ODE', 'Enterprise Integration'),
(68, 'Bonita BPM Stack', 'Enterprise Integration'),
(69, 'Intalio BPMS', 'Enterprise Integration'),
(70, 'Jboss BPM', 'Enterprise Integration'),
(71, 'Oracle BPM Stack', 'Enterprise Integration'),
(72, 'TIBCO Active Matrix Stack', 'Enterprise Integration'),
(73, 'IBM BPM Stack', 'Enterprise Integration'),
(74, 'OpenText  BPM Stack', 'Enterprise Integration'),
(75, 'Esper', 'Enterprise Integration'),
(76, 'IBM Business Events Stack', 'Enterprise Integration'),
(77, 'Jboss Stack', 'Enterprise Integration'),
(78, 'Oracle Business Events Stack', 'Enterprise Integration'),
(79, 'Progress Stack', 'Enterprise Integration'),
(80, 'TIBCO Business Events Stack', 'Enterprise Integration'),
(81, 'IBM Business Decision Mgmt/Rules Engine Stack', 'Enterprise Integration'),
(82, 'JBoss Drools', 'Enterprise Integration'),
(83, 'Progress Corticon', 'Enterprise Integration'),
(84, 'Dell Boomi', 'Enterprise Integration'),
(85, 'IBM iPaaS stack', 'Enterprise Integration'),
(86, 'Jboss iPaaS stack', 'Enterprise Integration'),
(87, 'Mule CloudHub', 'Enterprise Integration'),
(88, 'SnapLogic iPaaS', 'Enterprise Integration'),
(89, 'TIBCO iPaaS stack', 'Enterprise Integration'),
(90, 'IBM  ESB Stack', 'Enterprise Integration'),
(91, 'JBoss Fuse', 'Enterprise Integration'),
(92, 'Nservice Bus', 'Enterprise Integration'),
(93, 'Oracle ESB Stack', 'Enterprise Integration'),
(94, 'Software AG WebMethods', 'Enterprise Integration'),
(95, 'Sonic ESB', 'Enterprise Integration'),
(96, 'TIBCO ESB Stack', 'Enterprise Integration'),
(97, 'WS02 ESB', 'Enterprise Integration'),
(98, 'IBM IOT Stack', 'Enterprise Integration'),
(99, 'Software AG IOT Stack', 'Enterprise Integration'),
(100, 'TIBCO IOT Stack', 'Enterprise Integration'),
(101, 'WS02 IOT Stack', 'Enterprise Integration'),
(102, 'Apache ActiveMQ', 'Enterprise Integration'),
(103, 'HornetQ', 'Enterprise Integration'),
(104, 'IBM MQ', 'Enterprise Integration'),
(105, 'JBoss A-MQ', 'Enterprise Integration'),
(106, 'Oracle Message Oriented Middleware stack', 'Enterprise Integration'),
(107, 'RabbitMQ', 'Enterprise Integration'),
(108, 'TIBCO EMS', 'Enterprise Integration'),
(109, 'Security Assertion Markup Language (SAML)', 'Enterprise Integration'),
(110, 'SOAP ', 'Enterprise Integration'),
(111, 'SOAP Message Transmission Optimization Mechanism', 'Enterprise Integration'),
(112, 'UDDI-Universal Description Discovery & Integration', 'Enterprise Integration'),
(113, 'Web Single Sign-On Interoperability Profile', 'Enterprise Integration'),
(114, 'Web Single Sign-On Metadata Exchange Protocol', 'Enterprise Integration'),
(115, 'WS-Addressing', 'Enterprise Integration'),
(116, 'WS-Discovery', 'Enterprise Integration'),
(117, 'WSDL ', 'Enterprise Integration'),
(118, 'WS-Eventing', 'Enterprise Integration'),
(119, 'WS-Federation', 'Enterprise Integration'),
(120, 'WS-Inspection', 'Enterprise Integration'),
(121, 'WS-MetadataExchange', 'Enterprise Integration'),
(122, 'WS-Notification', 'Enterprise Integration'),
(123, 'WS-Policy', 'Enterprise Integration'),
(124, 'WS-Reliability', 'Enterprise Integration'),
(125, 'WS-Security', 'Enterprise Integration'),
(126, 'WS-Trust', 'Enterprise Integration'),
(127, 'XACML', 'Enterprise Integration'),
(128, 'Mule ESB', 'Enterprise Integration'),
(129, 'Spring Integration', 'Enterprise Integration'),
(130, 'AMQP', 'Enterprise Integration'),
(131, 'Apache Camel', 'Enterprise Integration'),
(132, 'Apache ServiceMix', 'Enterprise Integration'),
(133, 'BPEL', 'Enterprise Integration'),
(134, 'BPMN', 'Enterprise Integration'),
(135, 'EI Patterns', 'Enterprise Integration'),
(136, 'Java Business Integration(JBI)', 'Enterprise Integration'),
(137, 'JSON', 'Enterprise Integration'),
(138, 'Managed File Transfer', 'Enterprise Integration'),
(139, 'MQTT', 'Enterprise Integration'),
(140, 'RAML', 'Enterprise Integration'),
(141, 'Service Component Architecture', 'Enterprise Integration'),
(142, 'SOA Governance', 'Enterprise Integration'),
(143, 'SOA Principles & Patterns', 'Enterprise Integration'),
(144, 'WADL', 'Enterprise Integration'),
(145, 'XML', 'Enterprise Integration'),
(146, 'XPDL', 'Enterprise Integration'),
(147, 'XSD', 'Enterprise Integration'),
(148, 'MRP', 'ERP'),
(149, 'OAF /ADF', 'ERP'),
(150, 'GL (11i & R12)', 'ERP'),
(151, 'Payables (11i & R12)', 'ERP'),
(152, 'Apex', 'ERP'),
(153, 'Data Migration', 'ERP'),
(154, 'SOA, BPEL', 'ERP'),
(155, 'Web ADI', 'ERP'),
(156, 'Cash management (11i & R12)', 'ERP'),
(157, 'Core CRM', 'ERP'),
(158, 'CRM Analytics', 'ERP'),
(159, 'Financial Analytics', 'ERP'),
(160, 'HCM Warehouse', 'ERP'),
(161, 'Supply Chain Analytics', 'ERP'),
(162, 'eBenefits', 'ERP'),
(163, 'eCompensation', 'ERP'),
(164, 'eDevelopment', 'ERP'),
(165, 'Enterprise Learning Mgmt', 'ERP'),
(166, 'ePerformance', 'ERP'),
(167, 'eProfile', 'ERP'),
(168, 'eRecruitment', 'ERP'),
(169, 'Taleo', 'ERP'),
(170, 'PeopleCode', 'ERP'),
(171, 'PeopleSoft Administrator', 'ERP'),
(172, 'PeopleSoft DBA', 'ERP'),
(173, 'Reporting - Crystal Report', 'ERP'),
(174, 'Reporting - nVision', 'ERP'),
(175, 'Reporting - PS Query', 'ERP'),
(176, 'Reporting - SQR', 'ERP'),
(177, 'Inventory (11i & R12)', 'ERP'),
(178, 'iProc (11i & R12)', 'ERP'),
(179, 'MDM Master Data Management', 'ERP'),
(180, 'Order Management (11i & R12)', 'ERP'),
(181, 'Project Costing', 'ERP'),
(182, 'Purchasing (11i & R12)', 'ERP'),
(183, 'Receivables (11i & R12)', 'ERP'),
(184, 'PeopleSoft AWE', 'ERP'),
(185, 'XML Publisher', 'ERP'),
(186, 'SAP Customer Relation Management', 'ERP'),
(187, 'SAP Human Capital Management', 'ERP'),
(188, 'SAP SCM', 'ERP'),
(189, 'SAP SRM', 'ERP'),
(190, 'SAP BI/BW', 'ERP'),
(191, 'SAP PI/XI/PO', 'ERP'),
(192, 'SAP Basis', 'ERP'),
(193, 'Fusion HCM', 'ERP'),
(194, 'Fusion CRM', 'ERP'),
(195, 'PeopleSoft HRMS', 'ERP'),
(196, 'PeopleSoft FSCM', 'ERP'),
(197, 'PeopleSoft CRM', 'ERP'),
(198, 'PeopleSoft EPM', 'ERP'),
(199, 'PeopleSoft Functional', 'ERP'),
(200, 'PeopleSoft Technical', 'ERP'),
(201, 'SAP HRM', 'ERP'),
(202, 'SAP PP', 'ERP'),
(203, 'SAP MM', 'ERP'),
(204, 'SAP FSCM', 'ERP'),
(205, 'SAP SD', 'ERP'),
(206, 'SAP PS', 'ERP'),
(207, 'SAP FICO', 'ERP'),
(208, 'SAP ABAP', 'ERP'),
(209, 'SAP Business One', 'ERP'),
(210, 'Micorsoft Dynamics AX', 'ERP'),
(211, 'Micorsoft Dynamics GP', 'ERP'),
(212, 'Micorsoft Dynamics NAV', 'ERP'),
(213, 'Micorsoft Dynamics SL', 'ERP'),
(214, 'Micorsoft Small Business Manager', 'ERP'),
(215, 'Micorsoft C5', 'ERP'),
(216, 'JD Edwards Accounts Payable', 'ERP'),
(217, 'JD Edwards Accounts Receivable', 'ERP'),
(218, 'JD Edwards General Accounting (G/L)', 'ERP'),
(219, 'JD Edwards Inventory Management', 'ERP'),
(220, 'JD Edwards Manufacturing', 'ERP'),
(221, 'JD Edwards Procurement', 'ERP'),
(222, 'JD Edwards Sales Order Management', 'ERP'),
(223, 'Oracle Financials', 'ERP'),
(224, 'Oracle HRMS', 'ERP'),
(225, 'Oracle CRM', 'ERP'),
(226, 'Oracle Procurement', 'ERP'),
(227, 'Oracle SCM', 'ERP'),
(228, 'Oracle Projects', 'ERP'),
(229, 'Siebel CRM', 'ERP'),
(230, 'Hyperion Planning', 'ERP'),
(231, 'Hyperion Workforce Planning', 'ERP'),
(232, 'Hyperion Capital Asset Planning', 'ERP'),
(233, 'Hyperion Project Financial Planning', 'ERP'),
(234, 'Hyperion Strategic Finance', 'ERP'),
(235, 'Hyperion Financial Data Quality Management ', 'ERP'),
(236, 'Backup-Data Domain', 'IMS'),
(237, 'DBA-Teradata', 'IMS'),
(238, 'Backup-Actifio', 'IMS'),
(239, 'Backup-Avatar', 'IMS'),
(240, 'Backup-Commvault', 'IMS'),
(241, 'Backup-EMC Networker', 'IMS'),
(242, 'Backup-HP data protector', 'IMS'),
(243, 'Backup-Snapvault', 'IMS'),
(244, 'Backup-Symantec', 'IMS'),
(245, 'Backup-TSM', 'IMS'),
(246, 'BatchJobMgmt-ActiveBatch', 'IMS'),
(247, 'BatchJobMgmt-Tivoli Scheduler', 'IMS'),
(248, 'Cloud-AWS', 'IMS'),
(249, 'Cloud-Azure', 'IMS'),
(250, 'Cloud-Google', 'IMS'),
(251, 'Cloud-HP', 'IMS'),
(252, 'Cloud-IBM ', 'IMS'),
(253, 'Cloud-Rackspace', 'IMS'),
(254, 'Cloud-Redhat', 'IMS'),
(255, 'Cloud-Salesforce', 'IMS'),
(256, 'Cloud-Verizon', 'IMS'),
(257, 'Cloud-Vmware', 'IMS'),
(258, 'Mainframe-changeman', 'IMS'),
(259, 'Mainframe-DFSort', 'IMS'),
(260, 'Mainframe-ESP-Job scheduler', 'IMS'),
(261, 'Mainframe-Faultanalyzer', 'IMS'),
(262, 'Mainframe-FD-DB2 lookup', 'IMS'),
(263, 'Mainframe-Filemanager', 'IMS'),
(264, 'Mainframe-ICE tools', 'IMS'),
(265, 'Mainframe-JHS', 'IMS'),
(266, 'Mainframe-Platinum utility', 'IMS'),
(267, 'Mainframe-Storage', 'IMS'),
(268, 'Mainframe-xcom', 'IMS'),
(269, 'Scheduling-AutoSys', 'IMS'),
(270, 'Scheduling-Control-M', 'IMS'),
(271, 'Scheduling-Flux', 'IMS'),
(272, 'Scheduling-JES3', 'IMS'),
(273, 'Scheduling-Quartz', 'IMS'),
(274, 'Scheduling-Tidal Ent Scheduler', 'IMS'),
(275, 'Server Admin-AIX', 'IMS'),
(276, 'Server Admin-AS/400', 'IMS'),
(277, 'Server Admin-HP-UX', 'IMS'),
(278, 'Server Admin-Linux', 'IMS'),
(279, 'Server Admin-Solaris', 'IMS'),
(280, 'Server Admin-Windows', 'IMS'),
(281, 'Storage-Dell', 'IMS'),
(282, 'Storage-EMC', 'IMS'),
(283, 'Storage-Hitachi', 'IMS'),
(284, 'Storage-HP', 'IMS'),
(285, 'Storage-IBM storage', 'IMS'),
(286, 'Storage-Netapp', 'IMS'),
(287, 'Virtualization-Citrix', 'IMS'),
(288, 'Virtualization-Hyper-V', 'IMS'),
(289, 'Virtualization-KVM', 'IMS'),
(290, 'Virtualization-Openstack', 'IMS'),
(291, 'Virtualization-VM Ware', 'IMS'),
(292, 'EUC-Bomgar', 'IMS'),
(293, 'EUC-Lync', 'IMS'),
(294, 'EUC-RDP manager', 'IMS'),
(295, 'EUC-SCCM Client', 'IMS'),
(296, 'EUC-Teamviewer', 'IMS'),
(297, 'EUC-Webex Support Center', 'IMS'),
(298, 'Service Desk-BMC Remedy', 'IMS'),
(299, 'Service Desk-CA NSD', 'IMS'),
(300, 'Service Desk-EMC Infra', 'IMS'),
(301, 'Service Desk-HPSM', 'IMS'),
(302, 'Service Desk-Numara', 'IMS'),
(303, 'Service Desk-Service Now', 'IMS'),
(304, 'Network-Alcatel-Lucent', 'IMS'),
(305, 'Network-Avaya', 'IMS'),
(306, 'Network-Brocade', 'IMS'),
(307, 'Network-Cisco', 'IMS'),
(308, 'Network-Dell-Force 10', 'IMS'),
(309, 'Network-D-Link', 'IMS'),
(310, 'Network-HP', 'IMS'),
(311, 'Network-Huawei', 'IMS'),
(312, 'Network-Juniper', 'IMS'),
(313, 'Security-BlueCoat', 'IMS'),
(314, 'Security-Checkpoint', 'IMS'),
(315, 'Security-Cisco ASA', 'IMS'),
(316, 'Security-F5', 'IMS'),
(317, 'Security-fortigate', 'IMS'),
(318, 'Security-Juniper SRT', 'IMS'),
(319, 'Security-Mcafee', 'IMS'),
(320, 'Security-Microsoft Forefront', 'IMS'),
(321, 'Security-Norton Antivirus', 'IMS'),
(322, 'Security-Palo Alto', 'IMS'),
(323, 'Security-pfsense', 'IMS'),
(324, 'Security-Radware', 'IMS'),
(325, 'Security-Smoothwall', 'IMS'),
(326, 'Security-Symantec EnduserProtn', 'IMS'),
(327, 'Infra Delivery-Change Mgmt', 'IMS'),
(328, 'Infra Delivery-Incident Mgmt', 'IMS'),
(329, 'Infra Delivery-Project Mgmt', 'IMS'),
(330, 'Infra Mgmt-DataCenterMigration', 'IMS'),
(331, 'Infra Mgmt-Transition ProjMgmt', 'IMS'),
(332, 'Service Mgmt-BMC Remedy', 'IMS'),
(333, 'Service Mgmt-CA NSD', 'IMS'),
(334, 'Service Mgmt-HPSM', 'IMS'),
(335, 'Service Mgmt-ITIL Expert', 'IMS'),
(336, 'Service Mgmt-ITIL Foundation', 'IMS'),
(337, 'Service Mgmt-PMO', 'IMS'),
(338, 'Service Mgmt-Service Now', 'IMS'),
(339, 'DBA-Greenplum', 'IMS'),
(340, 'DBA-IBM DB2', 'IMS'),
(341, 'DBA-Informix', 'IMS'),
(342, 'DBA-Maria DB', 'IMS'),
(343, 'DBA-MaxDB', 'IMS'),
(344, 'DBA-MSSQL ', 'IMS'),
(345, 'DBA-Oracle', 'IMS'),
(346, 'DBA-Oracle Apps', 'IMS'),
(347, 'DBA-PostgreSQL', 'IMS'),
(348, 'DBA-SAP Basis', 'IMS'),
(349, 'DBA-SQLite', 'IMS'),
(350, 'DBA-Sybase', 'IMS'),
(351, 'DBA-UDB', 'IMS'),
(352, 'Email&Collbn-Courier', 'IMS'),
(353, 'Email&Collbn-Dovecot', 'IMS'),
(354, 'Email&Collbn-Exchange', 'IMS'),
(355, 'Email&Collbn-Ironport-Gateway', 'IMS'),
(356, 'Email&Collbn-LotusNotes', 'IMS'),
(357, 'Email&Collbn-Lync', 'IMS'),
(358, 'Email&Collbn-Mcafee-Gateway', 'IMS'),
(359, 'Email&Collbn-Open-Xchange', 'IMS'),
(360, 'Email&Collbn-Postfix', 'IMS'),
(361, 'Email&Collbn-Qmail', 'IMS'),
(362, 'Email&Collbn-Same Time', 'IMS'),
(363, 'Email&Collbn-Sendmail', 'IMS'),
(364, 'Email&Collbn-SharePoint', 'IMS'),
(365, 'Email&Collbn-Symantec-Gateway', 'IMS'),
(366, 'Email&Collbn-Zimbra', 'IMS'),
(367, 'MiddleWare-Apache', 'IMS'),
(368, 'MiddleWare-Glassfish', 'IMS'),
(369, 'MiddleWare-IBM Websphere', 'IMS'),
(370, 'MiddleWare-IIS', 'IMS'),
(371, 'MiddleWare-Jboss', 'IMS'),
(372, 'MiddleWare-MQ', 'IMS'),
(373, 'MiddleWare-SunOne', 'IMS'),
(374, 'MiddleWare-Tibco', 'IMS'),
(375, 'MiddleWare-Weblogic', 'IMS'),
(376, 'Tools-BMC Blade Logic', 'IMS'),
(377, 'Tools-CA Nimsoft', 'IMS'),
(378, 'Tools-HP NNMI', 'IMS'),
(379, 'Tools-HPILO', 'IMS'),
(380, 'Tools-HPSIM', 'IMS'),
(381, 'Tools-SCCM', 'IMS'),
(382, 'Tools-SCOM', 'IMS'),
(383, 'Tools-Service Now', 'IMS'),
(384, 'Tools-Snow Inventory', 'IMS'),
(385, 'Tools-Solarwinds', 'IMS'),
(386, 'Tools-Tivoli', 'IMS'),
(387, 'IBM 4690', 'IMS'),
(388, 'Python Scripting', 'IMS'),
(389, 'Unix Shell Scripting', 'IMS'),
(390, 'MySql', 'DW-BI'),
(391, 'Vagrant', 'IMS'),
(392, 'LAMP', 'IMS'),
(393, 'PowerBuilder', 'IMS'),
(394, 'Data Queues', 'iSeries'),
(395, 'DDM', 'iSeries'),
(396, 'MQ Series', 'iSeries'),
(397, 'Lawson', 'iSeries'),
(398, 'CL/400', 'iSeries'),
(399, 'Cobol/400', 'iSeries'),
(400, 'DB2/400', 'iSeries'),
(401, 'Java/400', 'iSeries'),
(402, 'RPG/400', 'iSeries'),
(403, 'Stored procedures', 'iSeries'),
(404, 'Back-up /Recovery', 'iSeries'),
(405, 'Job monitoring', 'iSeries'),
(406, 'Patch updation and OS upgrads', 'iSeries'),
(407, 'Remote Hardware installations', 'iSeries'),
(408, 'Remote printer management', 'iSeries'),
(409, 'System administration', 'iSeries'),
(410, 'EDI', 'iSeries'),
(411, 'FTP', 'iSeries'),
(412, 'SNA', 'iSeries'),
(413, 'HA tools', 'iSeries'),
(414, 'Hawkeye', 'iSeries'),
(415, 'HighJump', 'iSeries'),
(416, 'Implementer', 'iSeries'),
(417, 'MicroFocus MW', 'iSeries'),
(418, 'PKMS', 'iSeries'),
(419, 'Turnover', 'iSeries'),
(420, 'WMS', 'iSeries'),
(421, 'X-Analysis', 'iSeries'),
(422, 'Hibernate', 'Java'),
(423, 'iBatis/MyBatis', 'Java'),
(424, 'Java Data Objects', 'Java'),
(425, 'Java Persistence API', 'Java'),
(426, 'JDBC', 'Java'),
(427, 'TopLink', 'Java'),
(428, 'Contexts and Dependency Injection', 'Java'),
(429, 'Guice', 'Java'),
(430, 'Spring', 'Java'),
(431, 'JavaMail API and the JavaBeans ActivationFramework', 'Java'),
(432, 'Swing, AWT', 'Java'),
(433, 'AppEngine, User API, Datastore', 'Java'),
(434, 'Big Query', 'Java'),
(435, 'Memcache, task queue', 'Java'),
(436, 'Eclipse, RAD', 'Java'),
(437, 'IntelliJ ', 'Java'),
(438, 'JDeveloper', 'Java'),
(439, 'NetBeans', 'Java'),
(440, 'AXIS -1', 'Java'),
(441, 'AXIS -2', 'Java'),
(442, 'CXF', 'Java'),
(443, 'EJB', 'Java'),
(444, 'JAX-WS', 'Java'),
(445, 'Jersey', 'Java'),
(446, 'RestEasy', 'Java'),
(447, 'Restlets', 'Java'),
(448, 'Spring Batch', 'Java'),
(449, 'Web Sevices - REST', 'Java'),
(450, 'Web Sevices - SOAP', 'Java'),
(451, 'BIRT', 'Java'),
(452, 'JasperReports, iReport', 'Java'),
(453, 'Glassfish', 'Java'),
(454, 'IBM WebSphere', 'Java'),
(455, 'JBoss', 'Java'),
(456, 'Jetty', 'Java'),
(457, 'Oracle WebLogic', 'Java'),
(458, 'Tomcat', 'Java'),
(459, 'TomEE', 'Java'),
(460, 'Jbehave', 'Java'),
(461, 'Jmockit', 'Java'),
(462, 'Junit', 'Java'),
(463, 'Mockito', 'Java'),
(464, 'Postman', 'Java'),
(465, 'TestNG', 'Java'),
(466, 'GWT', 'Java'),
(467, 'Java Server Faces', 'Java'),
(468, 'Play', 'Java'),
(469, 'Seam', 'Java'),
(470, 'Servlet, JSP & JSTL', 'Java'),
(471, 'Spring MVC', 'Java'),
(472, 'Spring Web Flow', 'Java'),
(473, 'Struts 1.x', 'Java'),
(474, 'Struts 2.x', 'Java'),
(475, 'Tapestry', 'Java'),
(476, 'Wicket', 'Java'),
(477, 'ZK Framework', 'Java'),
(478, 'JAX-RS', 'Java'),
(479, 'JCA', 'Java'),
(480, 'JMS', 'Java'),
(481, 'SOAP UI', 'Java'),
(482, 'CICS Admin', 'Mainframe'),
(483, 'DB2 DBA', 'Mainframe'),
(484, 'IMS DBA', 'Mainframe'),
(485, 'z/OS Admin', 'Mainframe'),
(486, 'ADABAS', 'Mainframe'),
(487, 'DATACOM', 'Mainframe'),
(488, 'DB2 ', 'Mainframe'),
(489, 'IDMS', 'Mainframe'),
(490, 'IMS DB', 'Mainframe'),
(491, 'TABLEBASE', 'Mainframe'),
(492, 'Unisys RDMS', 'Mainframe'),
(493, 'VSAM', 'Mainframe'),
(494, 'ADSO', 'Mainframe'),
(495, 'Assembler', 'Mainframe'),
(496, 'CICS', 'Mainframe'),
(497, 'CICS Socket Programming', 'Mainframe'),
(498, 'CLIST', 'Mainframe'),
(499, 'COBOL', 'Mainframe'),
(500, 'CoolGen', 'Mainframe'),
(501, 'DYL280', 'Mainframe'),
(502, 'EASYTRIEVE', 'Mainframe'),
(503, 'FOCUS', 'Mainframe'),
(504, 'IDEAL', 'Mainframe'),
(505, 'IMS DC', 'Mainframe'),
(506, 'JCL', 'Mainframe'),
(507, 'Microfocus COBOL', 'Mainframe'),
(508, 'NATURAL', 'Mainframe'),
(509, 'PL/1', 'Mainframe'),
(510, 'REXX', 'Mainframe'),
(511, 'RPC Calls', 'Mainframe'),
(512, 'SAS', 'Mainframe'),
(513, 'TELON', 'Mainframe'),
(514, 'Unisys COBOL', 'Mainframe'),
(515, 'Unisys ECL', 'Mainframe'),
(516, 'Unisys TIP', 'Mainframe'),
(517, 'VAGen', 'Mainframe'),
(518, 'VisGen', 'Mainframe'),
(519, 'z/os System Programming', 'Mainframe'),
(520, 'FTP/SFTP', 'Mainframe'),
(521, 'MQ', 'Mainframe'),
(522, 'NDM', 'Mainframe'),
(523, 'Abend-Aid', 'Mainframe'),
(524, 'ACF2', 'Mainframe'),
(525, 'BMC Platinum', 'Mainframe'),
(526, 'CA-7', 'Mainframe'),
(527, 'CA-Librarian', 'Mainframe'),
(528, 'CHANGEMAN', 'Mainframe'),
(529, 'Control-M', 'Mainframe'),
(530, 'DB2 Connect', 'Mainframe'),
(531, 'DFSORT', 'Mainframe'),
(532, 'Ditto', 'Mainframe'),
(533, 'EDI Processing', 'Mainframe'),
(534, 'ENDEVOR', 'Mainframe'),
(535, 'File Manager', 'Mainframe'),
(536, 'File-Aid ', 'Mainframe'),
(537, 'GEAC', 'Mainframe'),
(538, 'Hyperstation', 'Mainframe'),
(539, 'IBM Asset Analyzer', 'Mainframe'),
(540, 'IBM Debugger', 'Mainframe'),
(541, 'IBM HATS', 'Mainframe'),
(542, 'ICEMAN', 'Mainframe'),
(543, 'ICETOOL', 'Mainframe'),
(544, 'iMagine', 'Mainframe'),
(545, 'IMS  Connect', 'Mainframe'),
(546, 'Intertest', 'Mainframe'),
(547, 'INTUNE', 'Mainframe'),
(548, 'MAINVIEW', 'Mainframe'),
(549, 'Microfocus Enterprise Analyzer', 'Mainframe'),
(550, 'Microfocus Enterprise Server', 'Mainframe'),
(551, 'Omegamon', 'Mainframe'),
(552, 'OPC scheduler', 'Mainframe'),
(553, 'Oracle Tuxedo- ART', 'Mainframe'),
(554, 'PANVALET', 'Mainframe'),
(555, 'QMF', 'Mainframe'),
(556, 'RDT', 'Mainframe'),
(557, 'RDz', 'Mainframe'),
(558, 'SCLM', 'Mainframe'),
(559, 'SDFII', 'Mainframe'),
(560, 'Smarttest', 'Mainframe'),
(561, 'SPUFI', 'Mainframe'),
(562, 'STROBE', 'Mainframe'),
(563, 'Syncsort', 'Mainframe'),
(564, 'Xpeditor', 'Mainframe'),
(565, 'MANTIS', 'Mainframe'),
(566, 'Project Management', 'Management'),
(567, 'Delivery Management', 'Management'),
(568, 'Agile', 'Management'),
(569, 'Scrum', 'Management'),
(570, 'DevOps', 'Management'),
(571, 'Change Management', 'Management'),
(572, 'Risk Management', 'Management'),
(573, 'MS Project', 'Management'),
(574, 'Vendor Management', 'Management'),
(575, 'AUTOCAD', 'Mechanical'),
(576, '3DCC Work', 'Mechanical'),
(577, 'NEWS LVMCC', 'Mechanical'),
(578, 'Castings ', 'Mechanical'),
(579, 'Industrial', 'Mechanical'),
(580, 'Jigs and Fixtures', 'Mechanical'),
(581, 'Mechanism', 'Mechanical'),
(582, 'Piping', 'Mechanical'),
(583, 'Plant Design', 'Mechanical'),
(584, 'Plastics', 'Mechanical'),
(585, 'Rubber Moldings', 'Mechanical'),
(586, 'Sheet Metal', 'Mechanical'),
(587, 'Structural', 'Mechanical'),
(588, 'Tooling', 'Mechanical'),
(589, 'Wire harness/Cabling', 'Mechanical'),
(590, 'Catia', 'Mechanical'),
(591, 'DFMA', 'Mechanical'),
(592, 'Inventor', 'Mechanical'),
(593, 'Solidworks', 'Mechanical'),
(594, 'UG', 'Mechanical'),
(595, 'Analytical Calculation', 'Mechanical'),
(596, 'Ansys', 'Mechanical'),
(597, 'CFD', 'Mechanical'),
(598, 'C-Tol', 'Mechanical'),
(599, 'FEA', 'Mechanical'),
(600, 'Fluent', 'Mechanical'),
(601, 'Fluidyn', 'Mechanical'),
(602, 'G-Tol', 'Mechanical'),
(603, 'Kinematic', 'Mechanical'),
(604, 'Promechanica', 'Mechanical'),
(605, 'Tolerance stackup', 'Mechanical'),
(606, 'C#', 'Microsoft'),
(607, 'Data Mining', 'Microsoft'),
(608, 'MDX', 'Microsoft'),
(609, 'OLAP', 'Microsoft'),
(610, 'Database Design', 'Microsoft'),
(611, 'Query Optimization', 'Microsoft'),
(612, 'SQL', 'Microsoft'),
(613, 'SQL Service Broker', 'Microsoft'),
(614, 'SQL Unit Testing', 'Microsoft'),
(615, 'CALIBURN', 'Microsoft'),
(616, 'Managed Extensibility Framework (MEF)', 'Microsoft'),
(617, 'MVVM', 'Microsoft'),
(618, 'Set up & Deployment', 'Microsoft'),
(619, 'Windows Forms', 'Microsoft'),
(620, 'Windows Presentation Foundation (WPF)', 'Microsoft'),
(621, 'Azure Service Bus', 'Microsoft'),
(622, 'Data Services', 'Microsoft'),
(623, 'REST', 'Microsoft'),
(624, 'Sprint.Net ', 'Microsoft'),
(625, 'WebAPI', 'Microsoft'),
(626, 'Windows Communication Foundation (WCF)', 'Microsoft'),
(627, 'Application Development', 'Microsoft'),
(628, 'Hybrid Implementation', 'Microsoft'),
(629, 'Java Script', 'Microsoft'),
(630, 'JSOM / CSOM', 'Microsoft'),
(631, 'Nintex / K2 Workflow', 'Microsoft'),
(632, 'Performance Point', 'Microsoft'),
(633, 'Power Shell', 'Microsoft'),
(634, 'Responsive Design implementation', 'Microsoft'),
(635, 'Web Content Management', 'Microsoft'),
(636, 'Web Parts Development', 'Microsoft'),
(637, 'TFS Build Customization', 'Microsoft'),
(638, 'TFS Implementation', 'Microsoft'),
(639, 'TFS Reports Creation (SSRS)', 'Microsoft'),
(640, 'TFS Upgrade', 'Microsoft'),
(641, 'ADO.Net', 'Microsoft'),
(642, 'ASP.Net MVC', 'Microsoft'),
(643, 'ASP.Net Webforms', 'Microsoft'),
(644, 'CSS3', 'Microsoft'),
(645, 'Entity Framework', 'Microsoft'),
(646, 'HTML5', 'Microsoft'),
(647, 'MVC Framework', 'Microsoft'),
(648, 'MVP Framework', 'Microsoft'),
(649, 'MVVM Framework', 'Microsoft'),
(650, 'Nhibernate', 'Microsoft'),
(651, 'Responsive CSS Frameworks', 'Microsoft'),
(652, 'SEO', 'Microsoft'),
(653, 'SignalR', 'Microsoft'),
(654, 'Silverlight', 'Microsoft'),
(655, 'TSQL', 'Microsoft'),
(656, 'VB.Net', 'Microsoft'),
(657, 'SharePoint', 'Microsoft'),
(658, 'Azure Cloud', 'Microsoft'),
(659, 'MS Dynamics CRM', 'Microsoft'),
(660, 'Adobe AIR', 'Mobility'),
(661, 'Amazon', 'Mobility'),
(662, 'Antenna', 'Mobility'),
(663, 'Appcelerator', 'Mobility'),
(664, 'Cordova', 'Mobility'),
(665, 'FeedHenry', 'Mobility'),
(666, 'Intel XDK', 'Mobility'),
(667, 'jQTouch', 'Mobility'),
(668, 'jQuery Mobile', 'Mobility'),
(669, 'Kendo', 'Mobility'),
(670, 'KONY', 'Mobility'),
(671, 'QT', 'Mobility'),
(672, 'RhoMobile', 'Mobility'),
(673, 'SAP Mobile', 'Mobility'),
(674, 'Sencha Touch', 'Mobility'),
(675, 'Verivo', 'Mobility'),
(676, 'Worklight', 'Mobility'),
(677, 'Xamarin', 'Mobility'),
(678, 'Mobile Apps Deployment', 'Mobility'),
(679, 'C#/ Windows Mob SDK', 'Mobility'),
(680, 'C/C++/Symbian', 'Mobility'),
(681, 'J2ME', 'Mobility'),
(682, 'Java/ Android SDK', 'Mobility'),
(683, 'Java/ BB SDK', 'Mobility'),
(684, 'Objective C/ iOS SDK', 'Mobility'),
(685, 'Swift/ iOS SDK', 'Mobility'),
(686, 'App Technical Support', 'Mobility'),
(687, 'MAM', 'Mobility'),
(688, 'Crash Reports', 'Mobility'),
(689, 'Enterprise Services', 'Mobility'),
(690, 'SAP/ CRM/ ERP/ POS/ OTHERS', 'Mobility'),
(691, 'MDM  Mobile Device Management', 'Mobility'),
(692, 'ALTIUM', 'SemiConductor'),
(693, 'Analysis for SI', 'SemiConductor'),
(694, 'CADENCE', 'SemiConductor'),
(695, 'EMI/EMC', 'SemiConductor'),
(696, 'Hardware Design', 'SemiConductor'),
(697, 'Reliability', 'SemiConductor'),
(698, 'Applications', 'SemiConductor'),
(699, 'IAR Work Bench', 'SemiConductor'),
(700, 'MP LAB', 'SemiConductor'),
(701, 'Protocols', 'SemiConductor'),
(702, 'QT framework', 'SemiConductor'),
(703, 'UI Dev. across Platforms', 'SemiConductor'),
(704, 'Perl Scripting', 'SemiConductor'),
(705, 'Android Porting', 'SemiConductor'),
(706, 'Board Design', 'SemiConductor'),
(707, 'Device Driver Development', 'SemiConductor'),
(708, 'IP Block Design', 'SemiConductor'),
(709, 'Layout Design', 'SemiConductor'),
(710, 'RTL Verification', 'SemiConductor'),
(711, 'VLSI ', 'SemiConductor'),
(712, 'Board Rework', 'SemiConductor'),
(713, 'Android Validation', 'SemiConductor'),
(714, 'Bios Validation', 'SemiConductor'),
(715, 'Chrome Validation', 'SemiConductor'),
(716, 'Electrical Validation', 'SemiConductor'),
(717, 'HDMI Certification', 'SemiConductor'),
(718, 'Platform Validation', 'SemiConductor'),
(719, 'Signal Integrity', 'SemiConductor'),
(720, 'Software Drivers', 'SemiConductor'),
(721, 'System Validation', 'SemiConductor'),
(722, 'Thermal Validation', 'SemiConductor'),
(723, 'WHQL / WDM Certification', 'SemiConductor'),
(724, 'Windows Valdiation', 'SemiConductor'),
(725, 'Thermal', 'SemiConductor'),
(726, 'Testing', 'Testing'),
(727, 'Manual Testing', 'Testing'),
(728, 'Automated Testing', 'Testing'),
(729, 'Performance Testing', 'Testing'),
(730, 'Load Testing', 'Testing'),
(731, 'Integration Testing', 'Testing'),
(732, 'Mobility Testing', 'Testing'),
(733, 'Blackbox Testing', 'Testing'),
(734, 'Functional Testing', 'Testing'),
(735, 'Whitebox Testing', 'Testing'),
(736, 'Fusion Financials Testing', 'Testing'),
(737, 'Conceptwave', 'Testing'),
(738, 'Framework Design', 'Testing'),
(739, 'General Test Management', 'Testing'),
(740, 'IBM 4690 Testing', 'Testing'),
(741, 'Cloud Based Testing', 'Testing'),
(742, 'MANTIS Testing', 'Testing'),
(743, 'ADA/Section 508', 'Testing'),
(744, 'BASEL III', 'Testing'),
(745, 'EN Standards', 'Testing'),
(746, 'HIPPA', 'Testing'),
(747, 'PCI', 'Testing'),
(748, 'SOX', 'Testing'),
(749, 'Emprix Hammer', 'Testing'),
(750, 'SiPP', 'Testing'),
(751, 'WinSIP', 'Testing'),
(752, 'Cognoz BI and Reporting', 'Testing'),
(753, 'Crystal Reports', 'Testing'),
(754, 'EMC2 Documentum', 'Testing'),
(755, 'Guidewire', 'Testing'),
(756, 'IBM Catalog Management Center', 'Testing'),
(757, 'IBM Master Data Management', 'Testing'),
(758, 'IBM Netezza', 'Testing'),
(759, 'Infor', 'Testing'),
(760, 'Kronos Work Force Central', 'Testing'),
(761, 'Lawson Financial Accounting', 'Testing'),
(762, 'Manhattan Supply Chain', 'Testing'),
(763, 'Microstrategy Testing', 'Testing'),
(764, 'SDL Tridion', 'Testing'),
(765, 'Microsoft CRM', 'Testing'),
(766, 'Sales Force', 'Testing'),
(767, 'Aladdin', 'Testing'),
(768, 'Barra', 'Testing'),
(769, 'B-One', 'Testing'),
(770, 'Charles River', 'Testing'),
(771, 'Eagle PACE', 'Testing'),
(772, 'Finacle', 'Testing'),
(773, 'Fiserv Banking', 'Testing'),
(774, 'Harland Financial Solution', 'Testing'),
(775, 'Intellimatch', 'Testing'),
(776, 'MarkIT EDM', 'Testing'),
(777, 'Misys Fusion', 'Testing'),
(778, 'Misys MidasPlus', 'Testing'),
(779, 'Phoenix', 'Testing'),
(780, 'Risk Metrics', 'Testing'),
(781, 'Silverlake Axis', 'Testing'),
(782, 'SimCorp Dimension', 'Testing'),
(783, 'SmartStream', 'Testing'),
(784, 'TEMENOS T24', 'Testing'),
(785, 'Wall Street Office ', 'Testing'),
(786, 'Monkey Talk', 'Testing'),
(787, 'Oracle Retail', 'Testing'),
(788, 'Collis', 'Testing'),
(789, 'ACI Postillion', 'Testing'),
(790, 'ACR 5000', 'Testing'),
(791, 'Dresser Wayne Fuel Pump', 'Testing'),
(792, 'Epay Epay', 'Testing'),
(793, 'Fujitsu- Corema', 'Testing'),
(794, 'Gilbarco Fuel Pump', 'Testing'),
(795, 'IBM 4690 Manned POS', 'Testing'),
(796, 'IBM Self Checkout', 'Testing'),
(797, 'IBM Yantra Order Management', 'Testing'),
(798, 'JDA Manugistics Trucks', 'Testing'),
(799, 'Manugistics', 'Testing'),
(800, 'Micros POS', 'Testing'),
(801, 'NCE Real POS', 'Testing'),
(802, 'NCR', 'Testing'),
(803, 'NCR Copient', 'Testing'),
(804, 'NCR Manned POS', 'Testing'),
(805, 'NCR Self Checkout', 'Testing'),
(806, 'Qwriter', 'Testing'),
(807, 'Symbol HH Scanner', 'Testing'),
(808, 'Symphony EYCG old', 'Testing'),
(809, 'Unitech CarWash', 'Testing'),
(810, 'Business Information Warehouse', 'Testing'),
(811, 'CATT and e-CATT', 'Testing'),
(812, 'Enterprise Central Component', 'Testing'),
(813, 'Extended Warehouse Management', 'Testing'),
(814, 'HANA', 'Testing'),
(815, 'High-Perf Analytics Appliance', 'Testing'),
(816, 'NetWeaver Application Server', 'Testing'),
(817, 'RDS', 'Testing'),
(818, 'SAP Business Intelligence(BI)', 'Testing'),
(819, 'SAP Core R3', 'Testing'),
(820, 'SAP Manufacturing', 'Testing'),
(821, 'SAP Portal(EP)', 'Testing'),
(822, 'SAP Solution Manager', 'Testing'),
(823, 'SAP xApps', 'Testing'),
(824, 'Service and Asset Management', 'Testing'),
(825, 'Supply Chain Perf Mgmt(SCPM)', 'Testing'),
(826, 'Sustainability Perf Mgmt(SUPM)', 'Testing'),
(827, 'Test Acceleration&Optimization', 'Testing'),
(828, 'Test Data Migration Server', 'Testing'),
(829, 'Amdocs', 'Testing'),
(830, 'AVAYA ACD', 'Testing'),
(831, 'CISCO ICM', 'Testing'),
(832, 'Clarify', 'Testing'),
(833, 'Comptel', 'Testing'),
(834, 'IBM Netcool', 'Testing'),
(835, 'Oracle BRM', 'Testing'),
(836, 'Oracle Metasolv', 'Testing'),
(837, 'Oracle OSM', 'Testing'),
(838, 'Remedy', 'Testing'),
(839, 'Singl.eView', 'Testing'),
(840, 'Suntec TBMS', 'Testing'),
(841, 'Groovy', 'Testing'),
(842, 'Phython', 'Testing'),
(843, 'Ruby', 'Testing'),
(844, 'VB Script', 'Testing'),
(845, 'Agile Testing', 'Testing'),
(846, 'BigData Testing', 'Testing'),
(847, 'Compliance Testing', 'Testing'),
(848, 'DW Testing', 'Testing'),
(849, 'HL 7 Testing', 'Testing'),
(850, 'IVR Testing', 'Testing'),
(851, 'Mainframe Testing', 'Testing'),
(852, 'Middleware Testing', 'Testing'),
(853, 'Mobile', 'Testing'),
(854, 'Performance Engineering', 'Testing'),
(855, 'Semiconductor Testing', 'Testing'),
(856, 'SOA Testing', 'Testing'),
(857, 'Telecom Testing', 'Testing'),
(858, 'User Experience Testing', 'Testing'),
(859, 'TMAP', 'Testing'),
(860, 'TMMI', 'Testing'),
(861, 'TPI', 'Testing'),
(862, 'Provar', 'Testing'),
(863, 'Defect Prevention', 'Testing'),
(864, 'Lean Six Sigma', 'Testing'),
(865, 'Test Design and Execution', 'Testing'),
(866, 'Test Estimation', 'Testing'),
(867, 'Test Measurements and Metrics', 'Testing'),
(868, 'Test Monitoring and Control', 'Testing'),
(869, 'Test Planning', 'Testing'),
(870, 'Test Policy and Strategy', 'Testing'),
(871, 'Test Process Optimization', 'Testing'),
(872, 'Test Program Management', 'Testing'),
(873, 'HP QC/ALM Administration', 'Testing'),
(874, 'RQM Administration', 'Testing'),
(875, 'Database Testing', 'Testing'),
(876, 'Infrastructure Testing', 'Testing'),
(877, 'Operational Acceptance Testing', 'Testing'),
(878, 'Product Testing', 'Testing'),
(879, 'SIT ', 'Testing'),
(880, 'Static Testing', 'Testing'),
(881, 'System Testing', 'Testing'),
(882, 'Telecom-Android Validation', 'Testing'),
(883, 'Telecom-Bios Validation', 'Testing'),
(884, 'Telecom-Chrome Validation', 'Testing'),
(885, 'Telecom-Electrical Validation', 'Testing'),
(886, 'Telecom-HDMI Certification', 'Testing'),
(887, 'Telecom-Platform Validation', 'Testing'),
(888, 'Telecom-Signal Integrity', 'Testing'),
(889, 'Telecom-Software Tools', 'Testing'),
(890, 'Telecom-System Validation', 'Testing'),
(891, 'Telecom-Thermal Validation', 'Testing'),
(892, 'Telecom-WHQL/WDM Certification', 'Testing'),
(893, 'Telecom-Windows Valdiation', 'Testing'),
(894, 'Test Data Management', 'Testing'),
(895, 'Test Environment Management', 'Testing'),
(896, 'Usability Testing', 'Testing'),
(897, 'User Acceptance Testing', 'Testing'),
(898, 'Bugzilla', 'Testing'),
(899, 'IBM Clear Quest', 'Testing'),
(900, 'JIRA', 'Testing'),
(901, 'Redmine', 'Testing'),
(902, 'Trac', 'Testing'),
(903, 'ICEDQ', 'Testing'),
(904, 'Infromatica ETL Testing Tool', 'Testing'),
(905, 'Query Surge', 'Testing'),
(906, 'Auto IT', 'Testing'),
(907, 'BadBoy', 'Testing'),
(908, 'MicroFocus SilkTest', 'Testing'),
(909, 'QTP', 'Testing'),
(910, 'RFT', 'Testing'),
(911, 'SAHI', 'Testing'),
(912, 'Selenium', 'Testing'),
(913, 'Squish', 'Testing'),
(914, 'Telerik Test Studio', 'Testing'),
(915, 'Test Anywhere', 'Testing'),
(916, 'Test Complete', 'Testing'),
(917, 'UFT', 'Testing'),
(918, 'VSTS/Coded UI', 'Testing'),
(919, 'Watir', 'Testing'),
(920, 'Winrunner', 'Testing'),
(921, 'Appium', 'Testing'),
(922, 'Device Anywhere', 'Testing'),
(923, 'EggPlant Functional', 'Testing'),
(924, 'Instruments', 'Testing'),
(925, 'Meux', 'Testing'),
(926, 'Oracle Fusion', 'Testing'),
(927, 'Perfecto Mobile', 'Testing'),
(928, 'Ranorex', 'Testing'),
(929, 'Robotium', 'Testing'),
(930, 'SeeTest', 'Testing'),
(931, 'Sikuli', 'Testing'),
(932, 'Eggplant Performance', 'Testing'),
(933, 'HP LoadRunner', 'Testing'),
(934, 'HP Performance Center', 'Testing'),
(935, 'Jmeter', 'Testing'),
(936, 'LoadUI', 'Testing'),
(937, 'MS VSTS', 'Testing'),
(938, 'NeoLoad', 'Testing'),
(939, 'Open STA', 'Testing'),
(940, 'Rational Performance Tester', 'Testing'),
(941, 'SOASTA Cloud Test', 'Testing'),
(942, 'Acunetix Web VulnerabilityScan', 'Testing'),
(943, 'HP WebInspect', 'Testing'),
(944, 'IBM AppScan', 'Testing'),
(945, 'CA Service Virtualization', 'Testing'),
(946, 'HPService Virtualization', 'Testing'),
(947, 'Parasoft Virtualize', 'Testing'),
(948, 'Rational Test VirtualznServer', 'Testing'),
(949, 'HP Service Test', 'Testing'),
(950, 'IBM GreenHat', 'Testing'),
(951, 'LISA Service Test', 'Testing'),
(952, 'Grid Tools', 'Testing'),
(953, 'IBM Optim Testing', 'Testing'),
(954, 'AllPairs', 'Testing'),
(955, 'Bender RBT', 'Testing'),
(956, 'CaseMaker', 'Testing'),
(957, 'CTE XL', 'Testing'),
(958, 'Tricentis', 'Testing'),
(959, 'Plutora', 'Testing'),
(960, 'HP ALM', 'Testing'),
(961, 'HP Quality Center', 'Testing'),
(962, 'Microsoft TFS/Test Manager', 'Testing'),
(963, 'QMetry', 'Testing'),
(964, 'qTest', 'Testing'),
(965, 'Rational Quality Manager', 'Testing'),
(966, 'Test Link', 'Testing'),
(967, 'Test Lodge', 'Testing'),
(968, 'Test Rail', 'Testing'),
(969, 'Zephyr', 'Testing'),
(970, 'Juicy Studio', 'Testing'),
(971, 'Screen Calipers', 'Testing'),
(972, 'Total Validator', 'Testing'),
(973, 'Performance Testing', 'Testing'),
(974, 'Regression Testing', 'Testing'),
(975, 'SAP Testing', 'Testing'),
(976, 'Security Testing', 'Testing'),
(977, 'SOAP UI Testing', 'Testing'),
(978, 'Talend Testing', 'Testing'),
(979, 'Test Process Consulting', 'Testing'),
(980, 'InDesign', 'UX'),
(981, 'Fireworks', 'UX'),
(982, 'Dreamweaver', 'UX'),
(983, 'Illustrator', 'UX'),
(984, 'Photoshop', 'UX'),
(985, 'AJAX', 'Web'),
(986, 'AngularJS', 'Web'),
(987, 'Backbone', 'Web'),
(988, 'Ext JS', 'Web'),
(989, 'Jasmine', 'Web'),
(990, 'Knockout', 'Web'),
(991, 'NodeJs', 'Web'),
(992, 'Bootstrap', 'Web'),
(993, 'CSS', 'Web'),
(994, 'Dojo', 'Web'),
(995, 'Ember', 'Web'),
(996, 'Expression', 'Web'),
(997, 'Flight ', 'Web'),
(998, 'HTML', 'Web'),
(999, 'JavaScript', 'Web'),
(1000, 'jQuery', 'Web'),
(1001, 'Kendo UI', 'Web'),
(1002, 'Responsive web design', 'Web'),
(1003, 'Search Engine Optimization', 'Web'),
(1004, 'Web Analytics', 'Web'),
(1005, 'IBM Websphere Content Management', 'Web'),
(1006, 'QUnit', 'Web'),
(1007, 'ColdFusion', 'Web'),
(1008, 'Reportlab', 'Web'),
(1009, 'PHP', 'Web'),
(1010, 'Web', 'Testing'),
(1011, 'Manufacturing Systems Services', 'ERP'),
(1012, 'Manager Self Service', 'ERP'),
(1013, 'Employee Self Service', 'ERP'),
(1014, 'SAP BO', 'DW-BI'),
(1015, 'Core Java', 'Java'),
(1016, 'Point of sale', 'Testing'),
(1017, 'Ionic', 'Mobility'),
(1018, 'BOT', 'Microsoft'),
(1019, 'IBM MobileFirst', 'Mobility'),
(1020, 'Testing', 'Mobility'),
(1021, 'Delve Analytics', 'Microsoft'),
(1022, 'SSRS', 'Microsoft'),
(1023, 'Realtime OS', 'IMS'),
(1024, 'Image Processing', 'Digital'),
(1025, 'Machine Learning', 'Digital'),
(1026, 'AI', 'Digital'),
(1027, 'Cognos TM1', 'DW-BI'),
(1028, 'Cognos BI', 'DW-BI'),
(1029, 'Data Architecture', 'DW-BI'),
(1030, 'BI', 'DW-BI'),
(1031, 'OSB', 'Enterprise Integration'),
(1032, 'RFHUtil', 'Enterprise Integration'),
(1033, 'PeopleSoft ESS', 'ERP'),
(1034, 'PeopleSoft MSS', 'ERP'),
(1035, 'SAP BO', 'ERP'),
(1036, 'PeopleSoft App Engine', 'ERP'),
(1037, 'Leadership Skills', 'Management'),
(1038, 'EC Design', 'Mechanical'),
(1039, 'Delve', 'Microsoft'),
(1040, 'SharePoint Online', 'Microsoft'),
(1041, '.net', 'Microsoft'),
(1042, 'Power BI', 'Microsoft'),
(1043, 'MSBI', 'Microsoft'),
(1044, 'Project server', 'Microsoft'),
(1045, 'Word', 'Microsoft'),
(1046, 'Excel', 'Microsoft'),
(1047, 'Powerpoint', 'Microsoft'),
(1048, 'Cocos2D', 'Mobility'),
(1049, 'Corona', 'Mobility'),
(1050, 'C', 'Programming Language'),
(1051, 'C++', 'Programming Language'),
(1052, 'R', 'Programming Language'),
(1053, 'POS', 'Testing'),
(1054, 'Manual Testing', 'Testing'),
(1055, 'Load testing', 'Testing'),
(1056, 'Expando Tool', 'Testing'),
(1057, 'IBM WAS Server', 'Web'),
(1058, 'Taleo', 'Web'),
(1059, 'Salesforce', 'Web'),
(1060, 'Phython', 'Programming Language'),
(1061, 'Ruby/Rails', 'Programming Language'),
(1062, 'IOT', 'Digital'),
(1063, 'MATLAB/Octave', 'Programming Language'),
(1064, 'F#', 'Programming Language'),
(1065, 'Lisp', 'Programming Language'),
(1066, 'Prolog', 'Programming Language'),
(1067, 'Brillo', 'Programming Language'),
(1068, 'Weave', 'Programming Language'),
(1069, 'Swift', 'Programming Language'),
(1070, 'Scratch', 'Programming Language'),
(1071, 'Watson', 'Digital'),
(1072, 'Portfolio Management', 'Management'),
(1073, 'Program Management', 'Management'),
(1074, 'AEM', 'Web'),
(1075, 'Sitecore', 'Web'),
(1076, 'WordPress', 'Web'),
(1077, 'Clickability', 'Web'),
(1078, 'BigData Visualization', 'DW-BI'),
(1079, 'Statistical Analysis', 'DW-BI'),
(1080, 'Oracle BI', 'DW-BI'),
(1081, 'Oracle 12C', 'DW-BI'),
(1082, 'PostgreSQL', 'DW-BI'),
(1083, 'AWS', 'Digital'),
(1084, 'SaaS', 'Digital'),
(1085, 'IaaS', 'Digital'),
(1086, 'PaaS', 'Digital'),
(1087, 'Cloud Migration', 'Digital'),
(1088, 'Cloud Security', 'Digital'),
(1089, 'Dynamics AX', 'Microsoft'),
(1090, 'Maven', 'Java'),
(1091, 'Oracle PL/SQL', 'DW-BI'),
(1092, 'OpenStack', 'Cloud Computing'),
(1093, 'OpenStack Compute - Nova', 'Cloud Computing'),
(1094, 'Block Storage - Cinder', 'Cloud Computing'),
(1095, 'Object Storage - Swift', 'Cloud Computing'),
(1096, 'OpenStack Netwroking - Neutron', 'Cloud Computing'),
(1097, 'Identity Service - Keystone', 'Cloud Computing'),
(1098, 'OpenStack Image Service - Glance', 'Cloud Computing'),
(1099, 'OpenStack Telemetry Service - Ceilometer', 'Cloud Computing'),
(1100, 'Dashboard -Horizon', 'Cloud Computing'),
(1101, 'Orchestration - Heat', 'Cloud Computing'),
(1102, 'Database as a Service - Trove', 'Cloud Computing'),
(1103, 'Messaging as a Service - Marconi', 'Cloud Computing'),
(1104, 'Cloud Automation - Chef', 'Cloud Computing'),
(1105, 'Cloud Automation - Puppet', 'Cloud Computing'),
(1106, 'Cloud Automation - Ansible', 'Cloud Computing'),
(1107, 'Cloud Automation  AWS CloudFormation', 'Cloud Computing'),
(1108, 'Cloud Automation  Azure ARM', 'Cloud Computing'),
(1109, 'PaaS based development on Azure', 'Cloud Computing'),
(1110, 'Google Cloud Platform', 'Cloud Computing'),
(1111, 'OpenShift PaaS Platform', 'Cloud Computing'),
(1112, 'CloudFoundry PaaS Platform', 'Cloud Computing'),
(1113, 'Delphi', 'Programming Language'),
(1114, 'Pascal', 'Programming Language'),
(1115, 'SonarQube', 'Testing'),
(1116, 'Pega', 'ERP'),
(1117, 'Clipper', 'Programming Language'),
(1118, 'Splunk', 'DW-BI'),
(1119, 'Tririga', 'ERP'),
(1120, 'FlexPLM', 'Web'),
(1121, 'GIS', 'Web'),
(1122, 'Jenkins', 'IMS'),
(1123, 'Hyperion DRM', 'ERP'),
(1124, 'PeopleSoft', 'ERP'),
(1125, 'Hyperion', 'ERP'),
(1126, 'Oracle Apps', 'ERP'),
(1127, 'SAP', 'ERP'),
(1128, 'Oracle APEX', 'DW-BI'),
(1129, 'Typescript', 'Microsoft'),
(1130, '4GL', 'Programming Language'),
(1131, 'jenkins', 'Java'),
(1132, 'ATG', 'DW-BI'),
(1133, 'Birt Report', 'Java'),
(1134, 'Oracle RAC', 'DW-BI'),
(1135, 'Hazelcast', 'Java'),
(1136, 'Automation Testing', 'Testing'),
(1137, 'Toad oracle', 'DW-BI'),
(1138, 'DTS', 'Microsoft'),
(1139, 'EHR - SSRS', 'Microsoft'),
(1140, 'VHDL', 'Programming Language'),
(1141, 'DBMS', 'DW-BI'),
(1142, 'Hudson', 'Java'),
(1143, 'CMDB', 'DW-BI'),
(1144, 'SQuirrel SQL Client', 'DW-BI'),
(1145, 'iTextSharp', 'Java'),
(1146, 'A+', 'Programming Language'),
(1147, 'RDBMS', 'DW-BI'),
(1148, 'Cscope', 'Programming Language'),
(1149, 'XQuery', 'DW-BI'),
(1150, 'JBPM', 'Java'),
(1151, 'JAXB', 'Java'),
(1152, 'J2SE', 'Java'),
(1153, 'XSLT', 'Web'),
(1154, 'GSOAP', 'Web'),
(1155, 'VBA', 'Programming Language'),
(1156, 'LINQ', 'Microsoft'),
(1157, 'FoxPro', 'Microsoft'),
(1158, 'Lotus Script', 'Programming Language'),
(1159, 'SonarQube', 'Java'),
(1160, 'PrimeFaces', 'Java'),
(1161, 'HSQL', 'Java'),
(1162, 'OATS', 'Testing'),
(1163, 'H2 DB', 'Java'),
(1164, 'JavaFX', 'Java'),
(1165, 'XPages', 'Java'),
(1166, 'Shavlik', 'Microsoft'),
(1167, 'Interfaces', 'ERP'),
(1168, 'Conversions', 'ERP'),
(1169, 'Reports', 'ERP'),
(1170, 'Form Personaliza', 'ERP'),
(1171, 'Testing', 'ERP'),
(1172, 'GDB DEBUGGING', 'Programming Language'),
(1173, 'WLM', 'Microsoft'),
(1174, 'WSUS', 'Microsoft'),
(1175, 'Nginx', 'Web'),
(1176, 'Hyperion Essbase', 'ERP'),
(1177, 'Hyperion FM', 'ERP'),
(1178, 'J2EE', 'Java'),
(1179, 'Navision', 'ERP'),
(1180, 'Loadrunner', 'Testing'),
(1181, 'QC', 'Testing '),
(1182, 'UI', 'Testing'),
(1183, 'Banking', 'Testing'),
(1184, 'UAT', 'Testing'),
(1185, 'WebService', 'Testing'),
(1186, 'SQL Server', 'Microsoft'),
(1187, 'Web CSS3', 'Microsoft'),
(1188, 'Datastage', 'Testing'),
(1189, 'Smoke Testing', 'Testing'),
(1190, 'API', 'Testing'),
(1191, 'Network-Firewall', 'IMS'),
(1192, 'Network-T.Shoot', 'IMS'),
(1193, 'JQuery', 'Microsoft'),
(1194, 'Groovy', 'Java'),
(1195, 'Microservices', 'Java'),
(1196, 'Spring Boot', 'Java'),
(1197, 'Spring IOC', 'Java'),
(1198, 'Vaadin', 'Java'),
(1199, 'JQuery UI', 'Web'),
(1200, 'JCL/PROCS', 'Mainframe'),
(1201, 'Sort', 'Mainframe'),
(1202, 'SQL Server MS', 'DW-BI'),
(1203, 'BPCS SCM', 'ERP'),
(1204, 'MSS', 'ERP'),
(1205, 'XHTML', 'Web'),
(1206, 'WebService', 'Mainframe'),
(1207, 'Active Directory', 'IMS'),
(1208, 'ILE', 'iSeries'),
(1209, 'PeopleSoft', 'Testing'),
(1210, 'Access', 'Microsoft'),
(1211, 'Teradata BTEQ', 'DW-BI'),
(1212, 'Sanity Testing', 'Testing'),
(1213, 'Groovy', 'Programming Language'),
(1214, 'Teradata-BTEQ', 'Mainframe'),
(1215, 'VSS', 'Microsoft'),
(1216, 'Fiddler', 'Testing'),
(1217, 'SharePoint', 'Testing'),
(1218, 'Java', 'Programming Language'),
(1219, 'RPGLE', 'iSeries'),
(1220, 'SQLRPGLE', 'iSeries'),
(1221, 'SQL', 'Programming Language'),
(1222, 'Siebel CRM', 'Testing'),
(1223, 'Clarify CRM', 'Testing'),
(1224, 'Pentaho-BI', 'DW-BI'),
(1225, 'HP QTP', 'Testing'),
(1226, 'Teradata-SQL Assistant', 'DW-BI'),
(1227, 'Teradata-MultiLoad', 'DW-BI'),
(1228, 'Teradata-FastLoad', 'DW-BI'),
(1229, 'M204', 'Mainframe'),
(1230, 'Informix ESQL/C', 'IBM'),
(1231, 'WaterlineJS', 'Web'),
(1232, 'ExpressJS', 'Web'),
(1233, 'SQL Script', 'DW-BI'),
(1234, 'Oracle Exadata', 'DW-BI'),
(1235, 'XQuery', 'Programming Language'),
(1236, 'Perl Scripting', 'IMS'),
(1237, 'ETL Testing', 'Testing'),
(1238, 'Clearcase', 'IBM'),
(1239, 'Data Studio', 'IBM'),
(1240, 'Tools-JIRA', 'IMS'),
(1241, 'Datastage', 'IBM'),
(1242, 'Filenet', 'IBM'),
(1243, 'IA', 'IBM'),
(1244, 'M&A Accelerator', 'IBM'),
(1245, 'Message Broker', 'IBM'),
(1246, 'ODM', 'IBM'),
(1247, 'PDT TOOLS', 'IBM'),
(1248, 'Rational Application Developer', 'IBM'),
(1249, 'Teradata-TPump', 'DW-BI'),
(1250, 'Rational Software Architect', 'IBM'),
(1251, 'SPSS Statistics', 'IBM'),
(1252, 'Tape library', 'IBM'),
(1253, 'WPS', 'IBM'),
(1254, 'Tivoli', 'IBM'),
(1255, 'Financial Mgmt', 'Management'),
(1256, 'HTML5', 'Web'),
(1257, 'XML', 'Web'),
(1258, 'Build and Deployment', 'IBM'),
(1259, 'WMB', 'IBM'),
(1260, 'Web Services Asmx', 'Microsoft'),
(1261, 'MSXML', 'Microsoft'),
(1262, 'RequireJs', 'Web'),
(1263, 'Azure AD', 'Microsoft'),
(1264, 'ReactJS', 'Java'),
(1265, 'Waterfall testing', 'Testing'),
(1266, 'React Native', 'Java'),
(1267, 'SAP BI', 'Testing'),
(1268, 'VB', 'Microsoft'),
(1269, 'Unit', 'Testing'),
(1270, 'SAP WM', 'ERP'),
(1271, 'Oracle Forms', 'ERP'),
(1272, 'InfoPath', 'Microsoft'),
(1273, 'Oracle iSupplier', 'ERP'),
(1274, 'Oracle Sourcing', 'ERP'),
(1275, 'Project Accounting', 'ERP'),
(1276, 'Exchange Server', 'Microsoft'),
(1277, 'Benchmark Testing', 'Testing'),
(1278, 'Interface Testing', 'Testing'),
(1279, 'WHQL Testing', 'Testing'),
(1280, 'Java Testing', 'Testing'),
(1281, 'Service Testing', 'Testing'),
(1282, 'Server Testing', 'Testing'),
(1283, 'Unix', 'Testing'),
(1284, 'Taleo Testing', 'Testing'),
(1285, 'Debug Tool', 'Mainframe'),
(1286, 'CREO', 'Mechanical'),
(1287, 'Lync Server', 'Microsoft'),
(1288, 'Visual Studio', 'Microsoft'),
(1289, 'Non-functional testing', 'Testing'),
(1290, 'Adobe AEM', 'Mobility'),
(1291, 'Adobe AfterEffects', 'Mobility'),
(1292, 'Adobe CQ5', 'Mobility'),
(1293, 'Adobe Dreamweaver CC', 'Mobility'),
(1294, 'Adobe Flash', 'Mobility'),
(1295, 'Adobe Flex', 'Mobility'),
(1296, 'Adobe Illustrator CC', 'Mobility'),
(1297, 'Adobe Photoshop', 'Mobility'),
(1298, 'Adobe Photoshop CC', 'Mobility'),
(1299, 'Adobe Premiere Pro CC', 'Mobility'),
(1300, 'SiteScope-HP', 'IMS'),
(1301, 'HP BSM', 'IMS'),
(1302, 'HP BPM', 'IMS'),
(1303, 'CMS', 'Web'),
(1304, 'Test Coverage', 'Testing'),
(1305, 'Defect life cycle', 'Testing'),
(1306, 'Visualforce', 'Web'),
(1307, 'Tally', 'ERP'),
(1308, 'Active Directory', 'Microsoft'),
(1309, 'Microsoft Visio', 'Microsoft'),
(1310, 'MSDeploy', 'Web'),
(1311, 'GitHub', 'Web'),
(1312, 'Mainframe Production Support', 'IBM'),
(1313, 'Windows Server', 'Microsoft'),
(1314, 'Adobe Illustrator', 'Mobility'),
(1315, 'Adobe Dreamweaver', 'Mobility'),
(1316, 'Network-TCP/IP', 'IMS'),
(1317, 'PCB Testing', 'Testing'),
(1318, 'Symfony', 'Web'),
(1319, 'CodeIgniter', 'Web'),
(1320, 'Liferay', 'Java'),
(1321, 'Performance Monitor', 'Microsoft'),
(1322, 'SSIS', 'Microsoft'),
(1323, 'DBA-SQL Server', 'IMS'),
(1324, 'Telecom-RS-232', 'Testing'),
(1325, 'IBM TSRM', 'IBM'),
(1326, 'VBScript', 'Microsoft'),
(1327, 'DAC', 'Digital'),
(1328, 'InfoSphere DataStage', 'IBM'),
(1329, 'SAP C4C', 'ERP'),
(1330, 'Web UI', 'Web'),
(1331, 'SAP CIN', 'ERP'),
(1332, 'SAP HANA', 'ERP'),
(1333, 'SAP UI', 'Web'),
(1334, 'SAP PowerDesigner', 'Microsoft'),
(1335, 'Joomla', 'Web'),
(1336, 'Yii', 'Web'),
(1337, 'DB2', 'IBM'),
(1338, 'Spring Framework', 'Java'),
(1339, 'Eclipse', 'Testing'),
(1340, 'Informix SQL', 'IBM'),
(1341, 'Informix 4GL', 'IBM'),
(1342, 'SQL', 'Mainframe'),
(1343, 'Easytrieve', 'Programming Language'),
(1344, 'IAM', 'IMS'),
(1345, 'XML validation Testing', 'Testing'),
(1346, 'Test analyst', 'Testing'),
(1347, 'DW/BI Testing', 'Testing'),
(1348, 'Apache Jelly', 'Java'),
(1349, 'Selenium', 'Java'),
(1350, 'SAP Webi', 'ERP'),
(1351, 'ActionScript', 'Programming Language'),
(1352, 'RequireJS', 'Java'),
(1353, 'Moment JS', 'Java'),
(1354, 'Bower JS', 'Java'),
(1355, 'GruntJS', 'Java'),
(1356, 'Gulp JS', 'Java'),
(1357, 'CLLE', 'iSeries'),
(1358, 'SQL Query', 'Programming Language'),
(1359, 'VC++', 'Microsoft'),
(1360, 'PowerPoint Show', 'Microsoft'),
(1361, 'Backbone JS', 'Java'),
(1362, 'Reports Testing', 'Testing'),
(1363, 'TFS Administration', 'Microsoft'),
(1364, 'Prototype Testing', 'Testing'),
(1365, 'Exploratory Testing', 'Testing'),
(1366, 'Hyperion SS', 'ERP'),
(1367, 'Hyperion BI+', 'ERP'),
(1368, 'Oracle BAM', 'ERP'),
(1369, 'Oracle CX Cloud', 'ERP'),
(1370, 'Oracle EBS DBA', 'ERP'),
(1371, 'Integration Testing', 'Testing'),
(1372, 'Oracle OSB', 'ERP'),
(1373, 'Oracle Reports', 'ERP'),
(1374, 'HP OM', 'IMS'),
(1375, 'Penetration testing', 'Testing'),
(1376, 'Protocol testing', 'Testing'),
(1377, 'Hyperion FR', 'ERP'),
(1378, 'Stress testing', 'Testing'),
(1379, 'GUI testing', 'Testing'),
(1380, 'Threads', 'Java'),
(1381, 'NOSQL Databases - Couchbase', 'DW-BI'),
(1382, 'SAP GUI', 'ERP'),
(1383, 'CTM', 'Mainframe'),
(1384, 'Localization testing', 'Testing'),
(1385, 'SOC Analysis', 'IMS'),
(1386, 'SOC Process & Procedures', 'IMS'),
(1387, 'SOC Reports', 'IMS'),
(1388, 'SailPoint Development', 'IMS'),
(1389, 'SailPoint Administration', 'IMS'),
(1390, 'Blue Prism', 'Digital'),
(1391, 'RPA', 'Digital'),
(1392, 'SAP C4C', 'Technical.ERP'),
(1393, 'Anaplan', 'Technical.ERP'),
(1394, 'Cyber Security', 'IMS'),
(1395, 'Security Monitoring', 'IMS'),
(1396, 'Micro controller', 'Programming Language'),
(1397, 'Embedded C with UDS (Autosar)', 'Programming Language'),
(1398, 'Embedded Automotive', 'Programming Language'),
(1399, 'Embedded', 'Testing'),
(1400, 'Infotainment', 'Testing');

-- --------------------------------------------------------

--
-- Table structure for table `jh_total_it_experience`
--

CREATE TABLE `jh_total_it_experience` (
  `total_it_experience_id` int(11) NOT NULL,
  `total_experience` varchar(34) DEFAULT NULL
) ENGINE=InnoDB DEFAULT CHARSET=utf8;

--
-- Dumping data for table `jh_total_it_experience`
--

INSERT INTO `jh_total_it_experience` (`total_it_experience_id`, `total_experience`) VALUES
(1, 'Fresher'),
(2, '1-2'),
(3, '2-3'),
(4, '3-4'),
(5, '4-5'),
(6, '5-6'),
(7, '6-7'),
(8, '7-8'),
(9, '8-9'),
(10, '9-10'),
(11, '10-12'),
(12, '12-14'),
(13, '14-16'),
(14, '16-18'),
(15, '18-20'),
(16, '20-25'),
(17, '25-30');

-- --------------------------------------------------------

--
-- Table structure for table `jh_user_profile`
--

CREATE TABLE `jh_user_profile` (
  `id` int(100) NOT NULL,
  `user_id` int(100) NOT NULL,
  `name` varchar(200) NOT NULL,
  `email` varchar(200) NOT NULL,
  `gender` int(5) NOT NULL,
  `resume_headline` text NOT NULL,
  `pancard` varchar(20) NOT NULL,
  `mobile_number` varchar(20) NOT NULL,
  `dob` varchar(100) NOT NULL,
  `total_experience` varchar(100) NOT NULL,
  `industry` varchar(200) NOT NULL,
  `previous_role` varchar(200) NOT NULL,
  `job_type` varchar(200) NOT NULL,
  `preferred_roles` text NOT NULL,
  `year_completion` text NOT NULL,
  `institute` text NOT NULL,
  `score` text NOT NULL,
  `degree` text NOT NULL,
  `branch` text NOT NULL,
  `current_location` text NOT NULL,
  `preferred_location` text NOT NULL,
  `add_domain` text NOT NULL,
  `salary_lakhs` varchar(100) NOT NULL,
  `previous_experience` text NOT NULL,
  `company` varchar(200) NOT NULL,
  `photos` varchar(50) NOT NULL,
  `resume` varchar(60) NOT NULL,
  `primary_skill` text NOT NULL,
  `skills` text NOT NULL,
  `skill1` text NOT NULL,
  `skill2` text NOT NULL,
  `skill3` text NOT NULL,
  `skill4` text NOT NULL,
  `skill5` text NOT NULL
) ENGINE=InnoDB DEFAULT CHARSET=latin1;

--
-- Dumping data for table `jh_user_profile`
--

INSERT INTO `jh_user_profile` (`id`, `user_id`, `name`, `email`, `gender`, `resume_headline`, `pancard`, `mobile_number`, `dob`, `total_experience`, `industry`, `previous_role`, `job_type`, `preferred_roles`, `year_completion`, `institute`, `score`, `degree`, `branch`, `current_location`, `preferred_location`, `add_domain`, `salary_lakhs`, `previous_experience`, `company`, `photos`, `resume`, `primary_skill`, `skills`, `skill1`, `skill2`, `skill3`, `skill4`, `skill5`) VALUES
(2, 116, 'candidate', 'candidate@gmail.com', 2, '', '', '7485121', '1986-06-26', '2', 'IT-Software/Software Services', 'Senior System Analysta', '3', 'Technical Project Manager', '2008', 'Anna university', '70.5', 'B.Tech', 'Information Technology', '["Chennai"]', '["Adilabad","Achabbal"]', '["Airline","Casinos","Consumer"]', '12', '[]', '', 'sheik.jpg', 'Sheik_Abdullah-TL.pdf', '{"1041":"Basic"}', '{"aaaa":"Fresher","bbbbb":"Fresher","ccccc":"Fresher","ddddddd":"Fresher","php":"Fresher"}', '{"576":"Intermediate"}', '{"1130":"Basic"}', '{"1146":"Basic"}', '{"523":"Fresher"}', '{"34":"Advanced"}'),
(20, 129, 'shek', 'sheik2@gmail.com', 0, '', 'CPOP2123S', '9961845159', '26/06/1986', '8-9', 'IT-Software/Software Services', 'SSA', 'Both', 'Project Manager', '', '', '', '', '', '["Chennai"]', '["Trivandrum","Chennai","Madurai"]', '["Advertising","Automotive","Banking","Consumer","Construction"]', '12L', '', '', '128724062.jpg', 'Sheik_Abdullah_PHP.pdf', '{"3DCC Work":"Intermediate"}', '', '{"Planning":"Fresher"}', '{"Estimate":"Fresher"}', '{"Req Gatheing":"Fresher"}', '{"Review":"Fresher"}', '{"":"Fresher"}'),
(21, 130, 'Sheik', 'sheik3@gmail.com', 0, '', 'TEST1', '234234', '23sdf', '3-4', 'IT-Software/Software Services', 'ssaaaaaa', 'Short Term', 'Project Manager', 'sada', 'asd', 'asd', 'asd', 'asdasd', '["Bangalore"]', 'on', '["Airline","Automotive","Engineering","Fast-Moving Consumer Goods (FMCG)"]', '12', '', '', '', '', '{"Core PHP":"Intermediate"}', '', '{"":"Fresher"}', '{"":"Fresher"}', '{"":"Fresher"}', '{"":"Fresher"}', '{"":"Fresher"}'),
(23, 148, 'sugatest', 'sugatest@gmail.com', 2, '', 'wert234', '8769054567', '1993-09-17', '12', 'IT-Software/Software Services', '.net developer ', '1', '.net developer', '', '', '', '', '', '["Pudukkottai"]', 'on', '["Airline","Casinos","Banking"]', '15', '', '', 'business-man-2356422_960_720.png', '2018-04-17 23.34.04,159.eml', '{"1041":"Intermediate"}', '', '{"644":"Advanced"}', '{"646":"Advanced"}', '{"":"Fresher"}', '{"":"Fresher"}', '{"":"Fresher"}'),
(24, 149, 'varun', 'sugatest1@gmail.com', 1, '', 'varun1234', '6789054321', '1897-02-01', '12', 'IT-Software/Software Services', 'bigdata testing', '3', 'bigdata testing', '', '', '', '', '', '["Pondicherry"]', 'on', '["Airline","Banking","Construction","Cruise Lines"]', '20', '', '', 'business-man-2356422_960_720.png', '2018-04-17 23.38.41,407.eml', '{"846":"Advanced"}', '', '{"644":"Advanced"}', '{"646":"Advanced"}', '{"":"Fresher"}', '{"":"Fresher"}', '{"":"Fresher"}'),
(25, 156, 'suga', 'sugatest01@gmail.com', 1, '', 'suga23451', '9047923918', '1992-05-26', '11', 'IT-Software/Software Services', 'big data visualization', '3', 'big data visualization', '', '', '', '', '', '[""]', 'on', '["Airline","Banking","Cruise Lines","Construction"]', '15', '', '', 'business-man-2356422_960_720.png', 'SARANYA.P.DOC', '{"1078":"Fresher"}', '', '{"1041":"Intermediate"}', '{"1009":"Advanced"}', '{"644":"Basic"}', '{"251":"Intermediate"}', '{"576":"Fresher"}'),
(26, 169, 'sugi', 'sugi.suganya80@gmail.com', 2, '', 'sugi021317', '9994563904', '1992-09-17', '3', 'IT-Software/Software Services', 'java developer', '3', 'java developer', '', '', '', '', '', '["Pudukkottai"]', 'null', '["IT"]', '25', '', '', 'yyvTB56z_w720_h1280_s158519.jpeg', '', '{"1218":"Advanced"}', '', '{"1041":"Advanced"}', '{"998":"Advanced"}', '{"":"Fresher"}', '{"":"Fresher"}', '{"":"Fresher"}'),
(27, 173, 'R', 'roy.paul.a3@gmail.com', 1, '', 'Abcdrfg', '00919074674261', '2016-10-19', '5', 'IT-Software/Software Services', '', '3', 'Asst. Manager', '', '', '', '', '', '["Kochi"]', 'null', 'null', '1500000', '', '', '15274293459207571954045656036702.jpg', '', '{"1218":"Advanced"}', '', '{"566":"Advanced"}', '{"":"Fresher"}', '{"":"Fresher"}', '{"":"Fresher"}', '{"":"Fresher"}'),
(29, 184, 'Biju', 'bijusadasivan.nair@gmail.com', 1, '', 'Axnpg98dfc', '9447349384', '2018-06-27', '5', 'IT-Software/Software Services', '', '1', 'Architect', '', '', '', '', '', '[""]', '["Chennai"]', '["Banking"]', '10', '', '', '', '', '{"1041":"Intermediate"}', '', '{"":"Fresher"}', '{"":"Fresher"}', '{"":"Fresher"}', '{"":"Fresher"}', '{"":"Fresher"}'),
(30, 168, 'Sreeji', 'sreeji1980@gmail.com', 0, '', 'Baz4828pk', '9895893865', '1980-05-20', '', 'IT-Software/Software Services', '', '', 'UI Designer', '', '', '', '', '', '[""]', 'null', 'null', '10', '', '', '', '', '{"1182":"Intermediate"}', '', '{"":"Fresher"}', '{"":"Fresher"}', '{"":"Fresher"}', '{"":"Fresher"}', '{"":"Fresher"}');

-- --------------------------------------------------------

--
-- Table structure for table `jh_user_profile-old`
--

CREATE TABLE `jh_user_profile-old` (
  `id` int(100) NOT NULL,
  `name` varchar(200) NOT NULL,
  `email` varchar(200) NOT NULL,
  `gender` varchar(12) NOT NULL,
  `resume_headline` text NOT NULL,
  `pancard` varchar(20) NOT NULL,
  `mobile_number` varchar(20) NOT NULL,
  `dob` varchar(100) NOT NULL,
  `total_experience` varchar(100) NOT NULL,
  `industry` varchar(200) NOT NULL,
  `role` varchar(200) NOT NULL,
  `job_type` varchar(200) NOT NULL,
  `preferred_roles` text NOT NULL,
  `preferred_location` text NOT NULL,
  `add_domain` text NOT NULL,
  `salary_lakhs` varchar(100) NOT NULL,
  `salary_thousands` varchar(10) NOT NULL,
  `previous_experience` text NOT NULL,
  `company` varchar(200) NOT NULL,
  `photos` varchar(50) NOT NULL,
  `resume` varchar(60) NOT NULL,
  `primary_skill` text NOT NULL,
  `skills` text NOT NULL,
  `skill1` text NOT NULL,
  `skill2` text NOT NULL,
  `skill3` text NOT NULL,
  `skill4` text NOT NULL,
  `skill5` text NOT NULL,
  `user_id` int(100) NOT NULL
) ENGINE=InnoDB DEFAULT CHARSET=latin1;

--
-- Dumping data for table `jh_user_profile-old`
--

INSERT INTO `jh_user_profile-old` (`id`, `name`, `email`, `gender`, `resume_headline`, `pancard`, `mobile_number`, `dob`, `total_experience`, `industry`, `role`, `job_type`, `preferred_roles`, `preferred_location`, `add_domain`, `salary_lakhs`, `salary_thousands`, `previous_experience`, `company`, `photos`, `resume`, `primary_skill`, `skills`, `skill1`, `skill2`, `skill3`, `skill4`, `skill5`, `user_id`) VALUES
(2, 'candidate', 'candidate@gmail.com', 'f', '', '23212', '99618445598', '1985-11-02', '9-10', 'IT-Software/Software Services', 'software emgg', 'Permanent', 'PM', '["Trivandrum","Chennai"]', '["Finance","Operations Management"]', '10', '', '[]', '', 'sheik.jpg', 'Sheik_Abdullah-TL.pdf', '{"Java":"Intermediate"}', '{"aaaa":"Fresher","bbbbb":"Fresher","ccccc":"Fresher","ddddddd":"Fresher","php":"Fresher"}', '{"PHP":"Fresher"}', '{"Drupal":"Advanced"}', '{"Wordpress":"Advanced"}', '{"codeigniter":"Intermediate"}', '{"node js":"Basic"}', 116),
(18, 'Sheik Abdullah', 'sheik.abdullah@inapp.com', 'm', '', 'CPOPS1232F', '9961845598', '1987-02-11', '3', '4', '3', '', 'Senior system Analyst', '["1"]', '', '3', '5', '', '', 'peo.jpg', 'Sheik_Abdullah-CSM.pdf', '', '{"Planning":"Advanced"}', '', '0', '0', '0', '0', 125);

--
-- Indexes for dumped tables
--

--
-- Indexes for table `jh_candidate_status`
--
ALTER TABLE `jh_candidate_status`
  ADD PRIMARY KEY (`candidate_status_id`);

--
-- Indexes for table `jh_cities`
--
ALTER TABLE `jh_cities`
  ADD PRIMARY KEY (`city_id`);

--
-- Indexes for table `jh_company_details`
--
ALTER TABLE `jh_company_details`
  ADD PRIMARY KEY (`id`),
  ADD UNIQUE KEY `url` (`url`);

--
-- Indexes for table `jh_countries`
--
ALTER TABLE `jh_countries`
  ADD PRIMARY KEY (`country_id`);

--
-- Indexes for table `jh_domains`
--
ALTER TABLE `jh_domains`
  ADD PRIMARY KEY (`domain_id`);

--
-- Indexes for table `jh_gender`
--
ALTER TABLE `jh_gender`
  ADD PRIMARY KEY (`gender_id`);

--
-- Indexes for table `jh_job_applied`
--
ALTER TABLE `jh_job_applied`
  ADD PRIMARY KEY (`aid`);

--
-- Indexes for table `jh_job_posting`
--
ALTER TABLE `jh_job_posting`
  ADD PRIMARY KEY (`job_id`);

--
-- Indexes for table `jh_job_posting-old`
--
ALTER TABLE `jh_job_posting-old`
  ADD PRIMARY KEY (`job_id`);

--
-- Indexes for table `jh_job_type`
--
ALTER TABLE `jh_job_type`
  ADD PRIMARY KEY (`job_type_id`);

--
-- Indexes for table `jh_location`
--
ALTER TABLE `jh_location`
  ADD PRIMARY KEY (`id`);

--
-- Indexes for table `jh_offer_letter`
--
ALTER TABLE `jh_offer_letter`
  ADD PRIMARY KEY (`offer_id`);

--
-- Indexes for table `jh_proficiency`
--
ALTER TABLE `jh_proficiency`
  ADD PRIMARY KEY (`proficiency_id`);

--
-- Indexes for table `jh_registration`
--
ALTER TABLE `jh_registration`
  ADD PRIMARY KEY (`email`),
  ADD UNIQUE KEY `id` (`id`);

--
-- Indexes for table `jh_skills`
--
ALTER TABLE `jh_skills`
  ADD PRIMARY KEY (`skill_id`);

--
-- Indexes for table `jh_total_it_experience`
--
ALTER TABLE `jh_total_it_experience`
  ADD PRIMARY KEY (`total_it_experience_id`);

--
-- Indexes for table `jh_user_profile`
--
ALTER TABLE `jh_user_profile`
  ADD PRIMARY KEY (`id`),
  ADD UNIQUE KEY `user_id_2` (`user_id`),
  ADD UNIQUE KEY `mobile_number` (`mobile_number`),
  ADD UNIQUE KEY `pancard` (`pancard`),
  ADD KEY `user_id` (`user_id`);

--
-- Indexes for table `jh_user_profile-old`
--
ALTER TABLE `jh_user_profile-old`
  ADD PRIMARY KEY (`id`),
  ADD UNIQUE KEY `user_id_2` (`user_id`),
  ADD UNIQUE KEY `mobile_number` (`mobile_number`),
  ADD UNIQUE KEY `pancard` (`pancard`),
  ADD KEY `user_id` (`user_id`);

--
-- AUTO_INCREMENT for dumped tables
--

--
-- AUTO_INCREMENT for table `jh_candidate_status`
--
ALTER TABLE `jh_candidate_status`
  MODIFY `candidate_status_id` int(11) NOT NULL AUTO_INCREMENT, AUTO_INCREMENT=13;
--
-- AUTO_INCREMENT for table `jh_cities`
--
ALTER TABLE `jh_cities`
  MODIFY `city_id` int(11) NOT NULL AUTO_INCREMENT, AUTO_INCREMENT=1624;
--
-- AUTO_INCREMENT for table `jh_company_details`
--
ALTER TABLE `jh_company_details`
  MODIFY `id` int(15) NOT NULL AUTO_INCREMENT, AUTO_INCREMENT=43;
--
-- AUTO_INCREMENT for table `jh_countries`
--
ALTER TABLE `jh_countries`
  MODIFY `country_id` int(11) NOT NULL AUTO_INCREMENT, AUTO_INCREMENT=246;
--
-- AUTO_INCREMENT for table `jh_domains`
--
ALTER TABLE `jh_domains`
  MODIFY `domain_id` int(11) NOT NULL AUTO_INCREMENT, AUTO_INCREMENT=44;
--
-- AUTO_INCREMENT for table `jh_gender`
--
ALTER TABLE `jh_gender`
  MODIFY `gender_id` int(11) NOT NULL AUTO_INCREMENT, AUTO_INCREMENT=3;
--
-- AUTO_INCREMENT for table `jh_job_applied`
--
ALTER TABLE `jh_job_applied`
  MODIFY `aid` int(11) NOT NULL AUTO_INCREMENT, AUTO_INCREMENT=18;
--
-- AUTO_INCREMENT for table `jh_job_posting`
--
ALTER TABLE `jh_job_posting`
  MODIFY `job_id` int(11) NOT NULL AUTO_INCREMENT, AUTO_INCREMENT=22;
--
-- AUTO_INCREMENT for table `jh_job_posting-old`
--
ALTER TABLE `jh_job_posting-old`
  MODIFY `job_id` int(11) NOT NULL AUTO_INCREMENT, AUTO_INCREMENT=7;
--
-- AUTO_INCREMENT for table `jh_job_type`
--
ALTER TABLE `jh_job_type`
  MODIFY `job_type_id` int(11) NOT NULL AUTO_INCREMENT, AUTO_INCREMENT=4;
--
-- AUTO_INCREMENT for table `jh_location`
--
ALTER TABLE `jh_location`
  MODIFY `id` int(15) NOT NULL AUTO_INCREMENT, AUTO_INCREMENT=52;
--
-- AUTO_INCREMENT for table `jh_offer_letter`
--
ALTER TABLE `jh_offer_letter`
  MODIFY `offer_id` int(10) NOT NULL AUTO_INCREMENT, AUTO_INCREMENT=5;
--
-- AUTO_INCREMENT for table `jh_proficiency`
--
ALTER TABLE `jh_proficiency`
  MODIFY `proficiency_id` int(11) NOT NULL AUTO_INCREMENT, AUTO_INCREMENT=5;
--
-- AUTO_INCREMENT for table `jh_registration`
--
ALTER TABLE `jh_registration`
  MODIFY `id` int(11) NOT NULL AUTO_INCREMENT, AUTO_INCREMENT=194;
--
-- AUTO_INCREMENT for table `jh_skills`
--
ALTER TABLE `jh_skills`
  MODIFY `skill_id` int(11) NOT NULL AUTO_INCREMENT, AUTO_INCREMENT=1401;
--
-- AUTO_INCREMENT for table `jh_total_it_experience`
--
ALTER TABLE `jh_total_it_experience`
  MODIFY `total_it_experience_id` int(11) NOT NULL AUTO_INCREMENT, AUTO_INCREMENT=18;
--
-- AUTO_INCREMENT for table `jh_user_profile`
--
ALTER TABLE `jh_user_profile`
  MODIFY `id` int(100) NOT NULL AUTO_INCREMENT, AUTO_INCREMENT=31;
--
-- AUTO_INCREMENT for table `jh_user_profile-old`
--
ALTER TABLE `jh_user_profile-old`
  MODIFY `id` int(100) NOT NULL AUTO_INCREMENT, AUTO_INCREMENT=19;
/*!40101 SET CHARACTER_SET_CLIENT=@OLD_CHARACTER_SET_CLIENT */;
/*!40101 SET CHARACTER_SET_RESULTS=@OLD_CHARACTER_SET_RESULTS */;
/*!40101 SET COLLATION_CONNECTION=@OLD_COLLATION_CONNECTION */;
